"StartDate","EndDate","Status","Progress","Duration..in.seconds.","Finished","RecordedDate","ResponseId","RecipientLastName","RecipientFirstName","RecipientEmail","ExternalReference","DistributionChannel","UserLanguage","bot","benefits","human","comfort_1","likely_1","check","easy_1","PROLIFIC_PID","condition","bot.1","benefits.1","human.1","humans_DO_human"
"10/20/22 10:04","10/20/22 10:06",0,100,88,1,"10/20/22 10:06","R_2veKqoAfCqcdDSc",NA,NA,NA,NA,"anonymous","EN",1,NA,NA,6,5,"Health and wellness",4,"5f24b20a9ef53b0c22ccc7e5","robot",1,NA,NA,NA
"10/20/22 10:09","10/20/22 10:11",0,100,110,1,"10/20/22 10:11","R_1Kr6CT3JirjDkik",NA,NA,NA,NA,"anonymous","EN",1,NA,NA,3,1,"Health and wellness store that sells vitamins and yoga products.",5,"6272a38f6f0c7c110a28e54a","robot",1,NA,NA,NA
"10/20/22 10:10","10/20/22 10:13",0,100,155,1,"10/20/22 10:13","R_ZfuVVxiusEgTQe5",NA,NA,NA,NA,"anonymous","EN",NA,1,NA,2,3,"Health and wellness store",3,"5fe1a1bd46872ebde23c2493","robot",NA,1,NA,NA
"10/20/22 10:13","10/20/22 10:14",0,100,60,1,"10/20/22 10:14","R_27VylDCpbjSxUVE",NA,NA,NA,NA,"anonymous","EN",NA,NA,1,9,9,"Wellness Store",NA,"62bc91177343712ea900ba34","person",NA,NA,1,1
"10/20/22 10:15","10/20/22 10:16",0,100,83,1,"10/20/22 10:16","R_YStQfAD5Zfj2ltD",NA,NA,NA,NA,"anonymous","EN",NA,NA,NA,1,3,"a health-and-wellness store",NA,"5f0fb2ffd614290441198a24","person",NA,NA,1,1
"10/20/22 10:18","10/20/22 10:20",0,100,115,1,"10/20/22 10:20","R_2VsZDOQfdCMMwOY",NA,NA,NA,NA,"anonymous","EN",NA,1,NA,6,4,"health and wellness store",8,"632e1cd39d0f30f22338c11a","robot",NA,1,NA,NA
"10/20/22 10:20","10/20/22 10:21",0,100,51,1,"10/20/22 10:21","R_2qEEgmY9HJaYCQQ",NA,NA,NA,NA,"anonymous","EN",1,NA,NA,3,2,"Public Health",5,"6276d892a859c0c33a1e011c","robot",1,NA,NA,NA
"10/20/22 10:25","10/20/22 10:26",0,100,73,1,"10/20/22 10:26","R_2wTUZFvUdlok1Cc",NA,NA,NA,NA,"anonymous","EN",NA,NA,NA,9,8,"health and wellness",9,"5d158f6419d2ed0001e2120c","robot",1,NA,NA,NA
"10/20/22 10:25","10/20/22 10:27",0,100,128,1,"10/20/22 10:27","R_3qVx7Ron0YImwr4",NA,NA,NA,NA,"anonymous","EN",1,NA,NA,3,5,"Health and Wellness store",5,"5dc42d6bc59f472f5e3004e0","robot",1,NA,NA,NA
"10/20/22 10:26","10/20/22 10:27",0,100,23,1,"10/20/22 10:27","R_7O0Fw7g7zMXIHpT",NA,NA,NA,NA,"anonymous","EN",NA,NA,1,7,8,"Health store",NA,"60b0fde34c1106fd3143eb34","person",NA,NA,1,1
"10/20/22 10:25","10/20/22 10:27",0,100,109,1,"10/20/22 10:27","R_2Uim99L5olRNmNU",NA,NA,NA,NA,"anonymous","EN",NA,1,NA,7,8,"A health and wellness store.",6,"5dd8da70fef7c2880a12500d","robot",NA,1,NA,NA
"10/20/22 10:27","10/20/22 10:28",0,100,105,1,"10/20/22 10:28","R_3oAu2knoFzFnlXz",NA,NA,NA,NA,"anonymous","EN",1,NA,NA,10,10,"Stores that sell vitamin and supplements",10,"5ea649d884b9864dbacc4026","robot",1,NA,NA,NA
"10/20/22 10:29","10/20/22 10:30",0,100,46,1,"10/20/22 10:30","R_3nilpgz7feB2c51",NA,NA,NA,NA,"anonymous","EN",NA,NA,1,10,10,"health and wellness store",NA,"5c91ab9b47fad40011be8306","person",NA,NA,1,1
"10/20/22 10:27","10/20/22 10:30",0,100,143,1,"10/20/22 10:30","R_2ruu6BdGCtDxbKr",NA,NA,NA,NA,"anonymous","EN",NA,1,NA,7,7,"Health and Wellness shop",10,"62ee6693712d826d25236779","robot",NA,1,NA,NA
"10/20/22 10:29","10/20/22 10:31",0,100,126,1,"10/20/22 10:31","R_2zGZLRhFn9jMWtT",NA,NA,NA,NA,"anonymous","EN",1,NA,NA,4,4,"health & wellness",8,"6287aa36c1f50d2e148e6d63","robot",1,NA,NA,NA
"10/20/22 10:32","10/20/22 10:33",0,100,32,1,"10/20/22 10:33","R_2PBAVSJsj5Z3cVD",NA,NA,NA,NA,"anonymous","EN",NA,NA,1,6,6,"health",NA,"5a6ff39ef660ae0001a9837e","person",NA,NA,1,1
"10/20/22 10:33","10/20/22 10:34",0,100,37,1,"10/20/22 10:34","R_vka5CoHVgRFT7Ql",NA,NA,NA,NA,"anonymous","EN",NA,NA,1,9,9,"Health and wellness, vitamins, natural remedies",NA,"5e35ee03ce5a725a283da8cd","person",NA,NA,1,1
"10/20/22 10:33","10/20/22 10:34",0,100,103,1,"10/20/22 10:34","R_3GiAa5ZoBeTjAtf",NA,NA,NA,NA,"anonymous","EN",1,NA,NA,2,1,"A Computer store",8,"5a2476f6efec480001f29c16","robot",1,NA,NA,NA
"10/20/22 10:34","10/20/22 10:35",0,100,23,1,"10/20/22 10:35","R_23ZuyakHjy5UjAU",NA,NA,NA,NA,"anonymous","EN",NA,NA,1,10,10,"white woman w/ short dark hair",NA,"6106f21752ad2407a4d8b74c","person",NA,NA,1,1
"10/20/22 10:33","10/20/22 10:35",0,100,106,1,"10/20/22 10:35","R_3JI8pjLCMxzm2iF",NA,NA,NA,NA,"anonymous","EN",NA,NA,NA,8,7,"Health and wellness",10,"631c790a9061cd8137fd215b","robot",NA,1,NA,NA
"10/20/22 10:32","10/20/22 10:35",0,100,185,1,"10/20/22 10:35","R_3P5AghcOhrBs0eg",NA,NA,NA,NA,"anonymous","EN",NA,1,NA,9,8,"Health and wellness",10,"5cfca829c7d9910001ae87f8","robot",NA,1,NA,NA
"10/20/22 10:34","10/20/22 10:36",0,100,115,1,"10/20/22 10:36","R_1fZzgLSoasAL59S",NA,NA,NA,NA,"anonymous","EN",NA,NA,NA,7,6,"Health and wellness",8,"6321657b49ebd6e735142198","robot",NA,1,NA,NA
"10/20/22 10:35","10/20/22 10:37",0,100,123,1,"10/20/22 10:37","R_2OOukDrc0tczXcW",NA,NA,NA,NA,"anonymous","EN",NA,1,NA,10,10,"vitamin and health",9,"616cdb7ddf98214eb27e2059","robot",NA,1,NA,NA
"10/20/22 10:34","10/20/22 10:37",0,100,188,1,"10/20/22 10:37","R_1FnW7V4N4t5eA74",NA,NA,NA,NA,"anonymous","EN",1,NA,NA,4,3,"wellness",8,"60fd866917347300b1470b1b","robot",1,NA,NA,NA
"10/20/22 10:36","10/20/22 10:37",0,100,76,1,"10/20/22 10:37","R_2fv8dTyUgD5qRJf",NA,NA,NA,NA,"anonymous","EN",NA,NA,1,10,10,"health and wellness store",NA,"5c6babadec1fb80001c18bed","person",NA,NA,1,1
"10/20/22 10:37","10/20/22 10:37",0,100,27,1,"10/20/22 10:37","R_2cc44OBpImo2Y7j",NA,NA,NA,NA,"anonymous","EN",NA,NA,1,8,8,"a health and wellness store",NA,"628d0122bd2de9268f57e207","person",NA,NA,1,1
"10/20/22 10:36","10/20/22 10:38",0,100,130,1,"10/20/22 10:38","R_3EtJfZ5mAm3qmXe",NA,NA,NA,NA,"anonymous","EN",NA,1,NA,7,6,"A health and wellness store",4,"5c054e8a553fb800011917d7","robot",NA,1,NA,NA
"10/20/22 10:38","10/20/22 10:38",0,100,50,1,"10/20/22 10:38","R_UJYGS0ULBewMMGl",NA,NA,NA,NA,"anonymous","EN",NA,NA,NA,7,8,"Meditation, vitamin, supplements, wellbeing",NA,"608b3a030c86f58ffd351d63","person",NA,NA,1,1
"10/20/22 10:37","10/20/22 10:39",0,100,108,1,"10/20/22 10:39","R_3PWVZB0XnTnO2BP",NA,NA,NA,NA,"anonymous","EN",1,NA,NA,9,5,"health and wellness",9,"5de91f07c04503000a6922ee","robot",1,NA,NA,NA
"10/20/22 10:37","10/20/22 10:39",0,100,95,1,"10/20/22 10:39","R_1rJtz4R7UKoJ8dO",NA,NA,NA,NA,"anonymous","EN",NA,NA,NA,6,5,"health and wellness",6,"5bdfa18a90edd30001c90bc8","robot",1,NA,NA,NA
"10/20/22 10:35","10/20/22 10:39",0,100,234,1,"10/20/22 10:39","R_2D8K9ORwbFynGqy",NA,NA,NA,NA,"anonymous","EN",NA,NA,NA,5,5,"",5,"634ab65face98683f8138cf2","robot",1,NA,NA,NA
"10/20/22 10:39","10/20/22 10:40",0,100,50,1,"10/20/22 10:40","R_1DnFssAxMaYYFJq",NA,NA,NA,NA,"anonymous","EN",NA,NA,1,8,8,"wellness store",NA,"5f178176fd9dc510cad21a86","person",NA,NA,1,1
"10/20/22 10:40","10/20/22 10:41",0,100,38,1,"10/20/22 10:41","R_zThTtt35xQrj7gJ",NA,NA,NA,NA,"anonymous","EN",NA,NA,1,8,8,"Health and wellness ",NA,"6104596da7a0db3793afe649","person",NA,NA,1,1
"10/20/22 10:41","10/20/22 10:42",0,100,28,1,"10/20/22 10:42","R_2cpSFXMjeMMA4Qa",NA,NA,NA,NA,"anonymous","EN",NA,NA,NA,7,7,"Health wellness store",NA,"60ca793758a2501babb08221","person",NA,NA,1,1
"10/20/22 10:38","10/20/22 10:42",0,100,230,1,"10/20/22 10:42","R_1mJhKRT1eB1W8T4",NA,NA,NA,NA,"anonymous","EN",NA,NA,NA,6,6,"Health, Wellness & meditation store",5,"62a8d2961bb3819dc4f834bd","robot",NA,1,NA,NA
"10/20/22 10:39","10/20/22 10:42",0,100,156,1,"10/20/22 10:42","R_WpmaFzj8AIXqNGN",NA,NA,NA,NA,"anonymous","EN",1,NA,NA,7,6,"health and wellness",5,"5babccde7fd2120001e5e1d0","robot",1,NA,NA,NA
"10/20/22 10:41","10/20/22 10:43",0,100,83,1,"10/20/22 10:43","R_2Ui05xVk0OQn3Yx",NA,NA,NA,NA,"anonymous","EN",NA,NA,NA,6,6,"Health and wellness",4,"5e56717ff994d1000c5c2dee","robot",NA,1,NA,NA
"10/20/22 10:40","10/20/22 10:43",0,100,161,1,"10/20/22 10:43","R_2Sdw3Jj7TsZi9kq",NA,NA,NA,NA,"anonymous","EN",NA,NA,NA,3,3,"Health and Wellness",8,"5d18cf6eb3e698001eea9960","robot",1,NA,NA,NA
"10/20/22 10:41","10/20/22 10:43",0,100,97,1,"10/20/22 10:43","R_b909ntkneey0K9X",NA,NA,NA,NA,"anonymous","EN",1,NA,NA,5,4,"Health and wellness store",7,"613a16a4db2cb808b1834632","robot",1,NA,NA,NA
"10/20/22 10:43","10/20/22 10:44",0,100,72,1,"10/20/22 10:44","R_1LRqEiNBPlqkORq",NA,NA,NA,NA,"anonymous","EN",1,NA,NA,7,6,"Health and wellness store",8,"5f7654f879a4420e6d20971b","robot",1,NA,NA,NA
"10/20/22 10:41","10/20/22 10:44",0,100,193,1,"10/20/22 10:44","R_Y5HEnPaQatD8xAR",NA,NA,NA,NA,"anonymous","EN",NA,1,NA,7,8,"Health and wellness ",8,"611db293a6a5db20c47ab430","robot",NA,1,NA,NA
"10/20/22 10:44","10/20/22 10:44",0,100,54,1,"10/20/22 10:44","R_1ieAMvO2I1lINwB",NA,NA,NA,NA,"anonymous","EN",NA,NA,NA,5,5,"health and wellness",NA,"5686e598369319000b268e63","person",NA,NA,1,1
"10/20/22 10:44","10/20/22 10:45",0,100,35,1,"10/20/22 10:45","R_1jJsQqPcQZ0pwPE",NA,NA,NA,NA,"anonymous","EN",NA,NA,1,9,9,"health store",NA,"5dda942451c6d29ef6b84635","person",NA,NA,1,1
"10/20/22 10:45","10/20/22 10:46",0,100,28,1,"10/20/22 10:46","R_3EFsOoFn9OmfvwM",NA,NA,NA,NA,"anonymous","EN",NA,NA,1,10,10,"health and wellness",NA,"5d671936b5671a0017326ace","person",NA,NA,1,1
"10/20/22 10:42","10/20/22 10:46",0,100,232,1,"10/20/22 10:46","R_ustoWffTpzdRWJH",NA,NA,NA,NA,"anonymous","EN",NA,1,NA,3,6,"Health and wellness store",8,"5e36efb122d9f6672e1867c2","robot",NA,1,NA,NA
"10/20/22 10:44","10/20/22 10:46",0,100,89,1,"10/20/22 10:46","R_3KVEpL77DjGt7Au",NA,NA,NA,NA,"anonymous","EN",1,NA,NA,1,2,"health and wellness",7,"6124232e0de36853de1edfa5","robot",1,NA,NA,NA
"10/20/22 10:45","10/20/22 10:46",0,100,33,1,"10/20/22 10:46","R_1OOe1V6NHX7rSXW",NA,NA,NA,NA,"anonymous","EN",NA,NA,NA,10,10,"A health and wellness store",NA,"5dd18dbe7af6611f4140d40b","person",NA,NA,1,1
"10/20/22 10:45","10/20/22 10:46",0,100,81,1,"10/20/22 10:46","R_12LMuFxgNmmR0TF",NA,NA,NA,NA,"anonymous","EN",1,NA,NA,9,9,"It's a health / wellness store",8,"616c1cc2510fe9022f6577f8","robot",1,NA,NA,NA
"10/20/22 10:44","10/20/22 10:46",0,100,88,1,"10/20/22 10:46","R_Ubxcj9G3Df8PZ5f",NA,NA,NA,NA,"anonymous","EN",NA,1,NA,2,2,"Health and wellness store",8,"603933bc6aac093efe75d372","robot",NA,1,NA,NA
"10/20/22 10:44","10/20/22 10:46",0,100,113,1,"10/20/22 10:46","R_b1VcDvC2uHfjAit",NA,NA,NA,NA,"anonymous","EN",NA,NA,1,10,8,"Herbal Supplement this is me and you",NA,"62b60546b6ab4966330c578d","person",NA,NA,1,1
"10/20/22 10:44","10/20/22 10:47",0,100,143,1,"10/20/22 10:47","R_1JWIOEwUMbItMCd",NA,NA,NA,NA,"anonymous","EN",1,NA,NA,7,7,"A health and wellness store",10,"5f9bad3d65e5133ce9929b2b","robot",1,NA,NA,NA
"10/20/22 10:44","10/20/22 10:47",0,100,149,1,"10/20/22 10:47","R_1ePmQ8VoEY0VNnO",NA,NA,NA,NA,"anonymous","EN",NA,NA,NA,8,7,"Health and wellness",7,"5ef37831c37ebb0bbd2d3e03","robot",NA,1,NA,NA
"10/20/22 10:46","10/20/22 10:47",0,100,27,1,"10/20/22 10:47","R_1ITbvODITKCmOcy",NA,NA,NA,NA,"anonymous","EN",NA,NA,1,8,8,"Health and beauty",NA,"634825ebf527096edf593db7","person",NA,NA,1,1
"10/20/22 10:46","10/20/22 10:47",0,100,69,1,"10/20/22 10:47","R_1F5kZeItUXwEtnU",NA,NA,NA,NA,"anonymous","EN",1,NA,NA,4,5,"health store",3,"5c3156e88c6d820001abf5c6","robot",1,NA,NA,NA
"10/20/22 10:45","10/20/22 10:48",0,100,150,1,"10/20/22 10:48","R_1dgL8WY7dwEXa3D",NA,NA,NA,NA,"anonymous","EN",NA,NA,NA,10,10,"Health and wellness store",9,"6141336204eb8ccdd5f75e09","robot",NA,1,NA,NA
"10/20/22 10:47","10/20/22 10:48",0,100,95,1,"10/20/22 10:48","R_24jyJiRHLujZ9IU",NA,NA,NA,NA,"anonymous","EN",1,NA,NA,9,5,"Health and wellness ",8,"5eb192fcbb01520b5cae89ee","robot",1,NA,NA,NA
"10/20/22 10:48","10/20/22 10:48",0,100,35,1,"10/20/22 10:48","R_2TvkgPlBB6Ikx8v",NA,NA,NA,NA,"anonymous","EN",NA,NA,NA,10,9,"Health and wellness store selling vitamins and supplements",NA,"60284ba64dc0f46ed3e37bb6","person",NA,NA,1,1
"10/20/22 10:47","10/20/22 10:49",0,100,82,1,"10/20/22 10:49","R_1Cxtlt89Weva2Ga",NA,NA,NA,NA,"anonymous","EN",NA,1,NA,0,0,"Health store",5,"610881256b500e6b59e8d58d","robot",NA,1,NA,NA
"10/20/22 10:45","10/20/22 10:49",0,100,226,1,"10/20/22 10:49","R_1FqPlXP3Wskw7HY",NA,NA,NA,NA,"anonymous","EN",NA,1,NA,2,2,"Health and Wellness",8,"5a7f2307b093f80001a7a458","robot",NA,1,NA,NA
"10/20/22 10:47","10/20/22 10:49",0,100,73,1,"10/20/22 10:49","R_1nNK9GCibyGOdMS",NA,NA,NA,NA,"anonymous","EN",1,NA,NA,0,0,"vitamin store ",9,"5dedb806838b4f46c8d183a5","robot",1,NA,NA,NA
"10/20/22 10:47","10/20/22 10:49",0,100,78,1,"10/20/22 10:49","R_cwHdE1lfM3nCNXj",NA,NA,NA,NA,"anonymous","EN",1,NA,NA,9,9,"Health and wellness store. ",8,"5623f6afed6e5a000bc7f219","robot",1,NA,NA,NA
"10/20/22 10:47","10/20/22 10:49",0,100,97,1,"10/20/22 10:49","R_3McG7ud58dht4ny",NA,NA,NA,NA,"anonymous","EN",1,NA,NA,6,6,"health and wellness",4,"5865ecf6a7f6480001ed9791","robot",1,NA,NA,NA
"10/20/22 10:47","10/20/22 10:49",0,100,150,1,"10/20/22 10:49","R_1msdBjFD4WHZJfj",NA,NA,NA,NA,"anonymous","EN",NA,1,NA,10,10,"health store that sells herbal elements and vitamins",10,"62a89318448a8592fc88ee03","robot",NA,1,NA,NA
"10/20/22 10:47","10/20/22 10:49",0,100,153,1,"10/20/22 10:49","R_sR2rVa9ohooS2Tn",NA,NA,NA,NA,"anonymous","EN",NA,NA,NA,7,7,"Health and Wellness",NA,"5e58376293597e044d5af47a","person",NA,NA,1,1
"10/20/22 10:49","10/20/22 10:50",0,100,27,1,"10/20/22 10:50","R_UxTlifCiIOpjfiN",NA,NA,NA,NA,"anonymous","EN",NA,NA,NA,8,7,"Health and wellness",NA,"5d786510dce93b00182ab480","person",NA,NA,1,1
"10/20/22 10:48","10/20/22 10:50",0,100,100,1,"10/20/22 10:50","R_ylk8zh9lGcf17RD",NA,NA,NA,NA,"anonymous","EN",NA,1,NA,10,10,"Health and wellness",9,"6106deb7beda48755be6b6ee","robot",NA,1,NA,NA
"10/20/22 10:47","10/20/22 10:50",0,100,212,1,"10/20/22 10:50","R_1Ldi07nn1RwG5XX",NA,NA,NA,NA,"anonymous","EN",NA,1,NA,6,8,"A health and wellness store",5,"60fe1dea817e3234e9b8c122","robot",NA,1,NA,NA
"10/20/22 10:50","10/20/22 10:51",0,100,103,1,"10/20/22 10:51","R_3qNZAc368wSuaUo",NA,NA,NA,NA,"anonymous","EN",1,NA,NA,0,0,"Health and Fitness",5,"63174f52c207f299e8f8dc08","robot",1,NA,NA,NA
"10/20/22 10:48","10/20/22 10:51",0,100,220,1,"10/20/22 10:51","R_2D82kiGs6obajEh",NA,NA,NA,NA,"anonymous","EN",NA,NA,1,7,7,"health and wellness",NA,"6101ceb34a3a20c05e35511d","person",NA,NA,1,1
"10/20/22 10:49","10/20/22 10:51",0,100,162,1,"10/20/22 10:51","R_6nuwXFH36pSQvXr",NA,NA,NA,NA,"anonymous","EN",NA,NA,1,8,8,"The store sells vitamins and supplements for yoga and meditation.",NA,"627920bf48e6cf4191a98f65","person",NA,NA,1,1
"10/20/22 10:49","10/20/22 10:52",0,100,145,1,"10/20/22 10:52","R_1ltlTBIMMYQhgfl",NA,NA,NA,NA,"anonymous","EN",NA,1,NA,3,3,"Health and wellness store",9,"6108695d1e19337bcd1fb417","robot",NA,1,NA,NA
"10/20/22 10:51","10/20/22 10:52",0,100,81,1,"10/20/22 10:52","R_2PolcmkTFKpnQKW",NA,NA,NA,NA,"anonymous","EN",NA,1,NA,10,10,"Health and wellness",10,"610d7c6a95a9ebcd19ba63ab","robot",NA,1,NA,NA
"10/20/22 10:50","10/20/22 10:52",0,100,112,1,"10/20/22 10:52","R_aVOicIfd5RBnTNf",NA,NA,NA,NA,"anonymous","EN",NA,NA,1,10,10,"wellness, health, herbal",NA,"6101aae23efe687ec3d4a2eb","person",NA,NA,1,1
"10/20/22 10:51","10/20/22 10:52",0,100,63,1,"10/20/22 10:52","R_3g7AjoAVPjfmgPq",NA,NA,NA,NA,"anonymous","EN",NA,NA,NA,9,10,"A wellness store that sells herbal supplements and whatnot",NA,"605e7128df8c4c15687386b4","person",NA,NA,1,1
"10/20/22 10:51","10/20/22 10:52",0,100,97,1,"10/20/22 10:52","R_3lPli0vb5e1UAWO",NA,NA,NA,NA,"anonymous","EN",1,NA,NA,8,10,"health and wellness",6,"5a01a0fd728b1b0001ad89f8","robot",1,NA,NA,NA
"10/20/22 10:51","10/20/22 10:53",0,100,147,1,"10/20/22 10:53","R_3MimphkfWWwGT58",NA,NA,NA,NA,"anonymous","EN",1,NA,NA,10,10,"some sort of wellness store",7,"62f6ff0fe96a1ece1bb0ddac","robot",1,NA,NA,NA
"10/20/22 10:48","10/20/22 10:54",0,100,366,1,"10/20/22 10:54","R_3DiJCL6HnkaI2h1",NA,NA,NA,NA,"anonymous","EN",NA,NA,NA,1,1,"Health",5,"62fe7ba9fb73cb6db493ca03","robot",NA,1,NA,NA
"10/20/22 10:54","10/20/22 10:54",0,100,38,1,"10/20/22 10:54","R_WdgxCHRcZz9eSrv",NA,NA,NA,NA,"anonymous","EN",NA,NA,NA,9,9,"health store",NA,"5be8353e33f40a0001031d7a","person",NA,NA,1,1
"10/20/22 10:53","10/20/22 10:54",0,100,96,1,"10/20/22 10:54","R_28YwviIQGtcypZq",NA,NA,NA,NA,"anonymous","EN",1,NA,NA,10,7,"Health and Wellness",7,"5e46f490a5748507c57e3c5f","robot",1,NA,NA,NA
"10/20/22 10:54","10/20/22 10:54",0,100,28,1,"10/20/22 10:54","R_1pXd8lldRVIdrVT",NA,NA,NA,NA,"anonymous","EN",NA,NA,1,9,9,"health and wellness",NA,"585716b522a6220001da6cb4","person",NA,NA,1,1
"10/20/22 10:52","10/20/22 10:55",0,100,138,1,"10/20/22 10:55","R_2v9aPbecRdEHlVI",NA,NA,NA,NA,"anonymous","EN",NA,NA,NA,9,9,"health food store",8,"60887a654f55f863e95ca944","robot",NA,1,NA,NA
"10/20/22 10:54","10/20/22 10:55",0,100,75,1,"10/20/22 10:55","R_2CpliYNkUDh6d77",NA,NA,NA,NA,"anonymous","EN",NA,NA,1,10,10,"I don't remember",NA,"585dd349445a5f00019b3b7c","person",NA,NA,1,1
"10/20/22 10:54","10/20/22 10:55",0,100,92,1,"10/20/22 10:55","R_3jZDHqSkSBgz3pj",NA,NA,NA,NA,"anonymous","EN",NA,1,NA,1,0,"health and wellness/herbal",9,"610765c6d41933eba28b45a9","robot",NA,1,NA,NA
"10/20/22 10:53","10/20/22 10:55",0,100,121,1,"10/20/22 10:55","R_1H77LxiVefOTwAR",NA,NA,NA,NA,"anonymous","EN",1,NA,NA,2,2,"Health and wellness store",9,"5da1faa05fc25100172a5562","robot",1,NA,NA,NA
"10/20/22 10:55","10/20/22 10:55",0,100,47,1,"10/20/22 10:55","R_1esqy016jfOWPIf",NA,NA,NA,NA,"anonymous","EN",NA,NA,NA,6,6,"health and wellness",NA,"60443e19710c894c2c6b8124","person",NA,NA,1,1
"10/20/22 10:54","10/20/22 10:56",0,100,90,1,"10/20/22 10:56","R_BWWuHZAzQm6ZLmV",NA,NA,NA,NA,"anonymous","EN",NA,NA,NA,8,7,"Health and Wellness",10,"5eab7b2dc1324e1586bdee53","robot",1,NA,NA,NA
"10/20/22 10:55","10/20/22 10:56",0,100,43,1,"10/20/22 10:56","R_1mtkEbFzGFwJ9Vw",NA,NA,NA,NA,"anonymous","EN",NA,NA,1,10,10,"Health and Wellness Store",NA,"6318d4e1cddc4996ba1f7ded","person",NA,NA,1,1
"10/20/22 10:55","10/20/22 10:56",0,100,42,1,"10/20/22 10:56","R_1ialzE57k7i48E1",NA,NA,NA,NA,"anonymous","EN",NA,NA,1,10,10,"Health and wellness store",NA,"6337439a6a667a94fa8e8b87","person",NA,NA,1,1
"10/20/22 10:53","10/20/22 10:56",0,100,170,1,"10/20/22 10:56","R_WB6Dv2YIHKMqO6l",NA,NA,NA,NA,"anonymous","EN",NA,NA,NA,2,0,"Health and wellness store",3,"60258b14dde99512dc57b339","robot",1,NA,NA,NA
"10/20/22 10:56","10/20/22 10:57",0,100,32,1,"10/20/22 10:57","R_2yjgwhkhMN0Byf7",NA,NA,NA,NA,"anonymous","EN",NA,NA,1,6,5,"Health and wellness",NA,"53a9a1a6fdf99b5cf1a36ee0","person",NA,NA,1,1
"10/20/22 10:54","10/20/22 10:57",0,100,181,1,"10/20/22 10:57","R_27f13yCqaMex83C",NA,NA,NA,NA,"anonymous","EN",NA,1,NA,5,4,"fabrics",9,"5ed45b0cfff60d41d43c3556","robot",NA,1,NA,NA
"10/20/22 10:53","10/20/22 10:57",0,100,218,1,"10/20/22 10:57","R_2c1624egdJACTn0",NA,NA,NA,NA,"anonymous","EN",NA,NA,NA,10,10,"health and wellness",9,"5d0e88a255f0c70015345bdd","robot",NA,1,NA,NA
"10/20/22 10:56","10/20/22 10:57",0,100,29,1,"10/20/22 10:57","R_eXyXhsgeKNC8SxH",NA,NA,NA,NA,"anonymous","EN",NA,NA,NA,7,7,"Health and wellness/vitamins",NA,"6119678dae747a4f82d37241","person",NA,NA,1,1
"10/20/22 10:55","10/20/22 10:57",0,100,99,1,"10/20/22 10:57","R_Y49tlE2vhMO4KkN",NA,NA,NA,NA,"anonymous","EN",NA,NA,NA,5,5,"health and wellness store",5,"6150a73a1ceb25b4c866c4ee","robot",NA,1,NA,NA
"10/20/22 10:55","10/20/22 10:57",0,100,139,1,"10/20/22 10:57","R_WCEr0yUBrtP7nDr",NA,NA,NA,NA,"anonymous","EN",NA,1,NA,10,5,"health and wellness store",10,"5eaff2eac963900392c6dc48","robot",NA,1,NA,NA
"10/20/22 10:55","10/20/22 10:57",0,100,112,1,"10/20/22 10:57","R_10oQD6t9bdy3c3F",NA,NA,NA,NA,"anonymous","EN",NA,NA,NA,7,7,"Health and wellness store",6,"62cb22842f1ec39a29ca4a2c","robot",1,NA,NA,NA
"10/20/22 10:55","10/20/22 10:57",0,100,123,1,"10/20/22 10:57","R_XiFe6sg9BxPO10Z",NA,NA,NA,NA,"anonymous","EN",NA,NA,NA,8,2,"vitamin store",9,"60cac6e750602e711ed5efc6","robot",1,NA,NA,NA
"10/20/22 10:56","10/20/22 10:58",0,100,114,1,"10/20/22 10:58","R_3Mz0bCo0XRYjvb3",NA,NA,NA,NA,"anonymous","EN",NA,NA,NA,5,5,"Store that sold health products like vitamins",9,"60ebe5aeb6137d5f2b9f436f","robot",1,NA,NA,NA
"10/20/22 10:56","10/20/22 10:58",0,100,92,1,"10/20/22 10:58","R_31GDYhhdapeufQ7",NA,NA,NA,NA,"anonymous","EN",1,NA,NA,4,2,"health and wellness",2,"5e67f8fbfade0707579a1eab","robot",1,NA,NA,NA
"10/20/22 10:54","10/20/22 10:58",0,100,216,1,"10/20/22 10:58","R_2fmarVeIBO4exyQ",NA,NA,NA,NA,"anonymous","EN",NA,NA,NA,8,9,"A health and wellness store",8,"62cef3a68ad303ac017d56a7","robot",1,NA,NA,NA
"10/20/22 10:58","10/20/22 10:58",0,100,34,1,"10/20/22 10:58","R_3JgsuhRUontMMZ7",NA,NA,NA,NA,"anonymous","EN",NA,NA,1,8,8,"health and wellness store",NA,"61018e110680d3e45deb53ad","person",NA,NA,1,1
"10/20/22 10:57","10/20/22 10:59",0,100,86,1,"10/20/22 10:59","R_AO4GlMgmL6CCggN",NA,NA,NA,NA,"anonymous","EN",NA,1,NA,5,5,"Health and Wellness Shops",3,"5df63faaa98a7a45159a9bba","robot",NA,1,NA,NA
"10/20/22 10:54","10/20/22 10:59",0,100,270,1,"10/20/22 10:59","R_XIhw3VLtV6wKMxP",NA,NA,NA,NA,"anonymous","EN",NA,1,NA,10,10,"A health store",9,"5ca227b36b36c400013ce15a","robot",NA,1,NA,NA
"10/20/22 10:58","10/20/22 10:59",0,100,34,1,"10/20/22 10:59","R_3dHd6B1FRH5pEDJ",NA,NA,NA,NA,"anonymous","EN",NA,NA,NA,9,9,"Health and wellness ",NA,"6108688a0dab4b6622af82e9","person",NA,NA,1,1
"10/20/22 10:57","10/20/22 10:59",0,100,80,1,"10/20/22 10:59","R_3GuDRjSIxRsoL98",NA,NA,NA,NA,"anonymous","EN",NA,NA,NA,9,7,"Fitness store",9,"5cfe852ea1b83900013cb4f2","robot",NA,1,NA,NA
"10/20/22 10:58","10/20/22 10:59",0,100,99,1,"10/20/22 10:59","R_3O161IEvgR29mda",NA,NA,NA,NA,"anonymous","EN",1,NA,NA,2,4,"i think a beauty store",10,"5ee00907ed486334f7063e3a","robot",1,NA,NA,NA
"10/20/22 10:58","10/20/22 11:00",0,100,105,1,"10/20/22 11:00","R_3kLi3hV4VZxRMLu",NA,NA,NA,NA,"anonymous","EN",NA,NA,NA,8,7,"Health and Wellness Store",7,"6323f6da8ff5d9cd85b0ffc7","robot",1,NA,NA,NA
"10/20/22 10:55","10/20/22 11:00",0,100,265,1,"10/20/22 11:00","R_30pFhBWCjfY41Rf",NA,NA,NA,NA,"anonymous","EN",NA,1,NA,2,2,"A wellness store ",8,"62a39ebd597a2a4c8c83a70f","robot",NA,1,NA,NA
"10/20/22 10:58","10/20/22 11:00",0,100,87,1,"10/20/22 11:00","R_2znAoYZ3ckaeFNG",NA,NA,NA,NA,"anonymous","EN",1,NA,NA,3,4,"health and wellness",7,"5d548912e1c7130018e019dc","robot",1,NA,NA,NA
"10/20/22 11:00","10/20/22 11:00",0,100,25,1,"10/20/22 11:00","R_2CsmV6IwlkrYf4N",NA,NA,NA,NA,"anonymous","EN",NA,NA,1,7,7,"Health and wellness",NA,"616f284d7e1146afa9c9cb66","person",NA,NA,1,1
"10/20/22 11:00","10/20/22 11:00",0,100,27,1,"10/20/22 11:00","R_p5CgbsrV6sYXdRf",NA,NA,NA,NA,"anonymous","EN",NA,NA,NA,10,10,"Health and Wellness",NA,"5ea196f089935b04d2ee69d9","person",NA,NA,1,1
"10/20/22 11:00","10/20/22 11:00",0,100,30,1,"10/20/22 11:00","R_2zIwHhu0ZUWjf7i",NA,NA,NA,NA,"anonymous","EN",NA,NA,1,9,9,"health and wellness store",NA,"616376b5ff2429e422b69961","person",NA,NA,1,1
"10/20/22 10:58","10/20/22 11:00",0,100,116,1,"10/20/22 11:00","R_3hswU9rnLbWHN6O",NA,NA,NA,NA,"anonymous","EN",NA,NA,NA,5,4,"a health and wellness store",7,"61005a676dc71bfff709b157","robot",NA,1,NA,NA
"10/20/22 10:59","10/20/22 11:00",0,100,75,1,"10/20/22 11:00","R_29h78qTZSsOJqei",NA,NA,NA,NA,"anonymous","EN",NA,1,NA,7,3,"Health and wellness store",6,"617603982bd663edbfcf3597","robot",NA,1,NA,NA
"10/20/22 10:59","10/20/22 11:00",0,100,78,1,"10/20/22 11:00","R_3dQFuqoTusIIdG8",NA,NA,NA,NA,"anonymous","EN",NA,1,NA,0,0,"Vitamin store",6,"60ff4ce700aa0457fadbc736","robot",NA,1,NA,NA
"10/20/22 10:58","10/20/22 11:01",0,100,138,1,"10/20/22 11:01","R_BDQsQfEtY7tcntf",NA,NA,NA,NA,"anonymous","EN",NA,NA,1,10,10,"Health and wellness store",NA,"632e6bc41df424f85ae737fe","person",NA,NA,1,1
"10/20/22 10:59","10/20/22 11:01",0,100,101,1,"10/20/22 11:01","R_241T05YjpcHXFkn",NA,NA,NA,NA,"anonymous","EN",1,NA,NA,7,7,"Health and wellness",4,"561df8af3d7fe8000a0f6347","robot",1,NA,NA,NA
"10/20/22 10:58","10/20/22 11:01",0,100,194,1,"10/20/22 11:01","R_3F2JHkPnJvD9ZUL",NA,NA,NA,NA,"anonymous","EN",NA,1,NA,7,6,"Health and wellness store ",8,"60c2a30e24e7f2ce0c8b56ca","robot",NA,1,NA,NA
"10/20/22 11:00","10/20/22 11:02",0,100,96,1,"10/20/22 11:02","R_2bI7cK2QEwKNZVS",NA,NA,NA,NA,"anonymous","EN",NA,NA,NA,2,3,"Health ",10,"62b333311c9e52e3224b4cb2","robot",1,NA,NA,NA
"10/20/22 11:01","10/20/22 11:02",0,100,44,1,"10/20/22 11:02","R_3KSM7ERoi91xlCT",NA,NA,NA,NA,"anonymous","EN",1,NA,NA,6,6,"health and wellness",7,"5b0967ff1c95000001fcb6ce","robot",1,NA,NA,NA
"10/20/22 11:00","10/20/22 11:02",0,100,107,1,"10/20/22 11:02","R_2wTgnHSf0OSC63T",NA,NA,NA,NA,"anonymous","EN",1,NA,NA,8,8,"I forgot ",3,"631cea44de65b777f0f8e70a","robot",1,NA,NA,NA
"10/20/22 11:00","10/20/22 11:02",0,100,108,1,"10/20/22 11:02","R_1IT2IGEPz3ZwLJM",NA,NA,NA,NA,"anonymous","EN",1,NA,NA,8,7,"Health and wellness",8,"62eff8235ccfda08200e062c","robot",1,NA,NA,NA
"10/20/22 11:01","10/20/22 11:02",0,100,100,1,"10/20/22 11:02","R_O80Q9JrK8ZHvcOt",NA,NA,NA,NA,"anonymous","EN",NA,1,NA,9,8,"health and wellness",2,"56aa90d5638440000c8b506f","robot",NA,1,NA,NA
"10/20/22 11:01","10/20/22 11:02",0,100,82,1,"10/20/22 11:02","R_bryzeVa0JcPufOF",NA,NA,NA,NA,"anonymous","EN",NA,NA,1,10,10,"health and wellness store",NA,"5eeaa1b7fe8d9a1d3473f671","person",NA,NA,1,1
"10/20/22 11:02","10/20/22 11:02",0,100,31,1,"10/20/22 11:02","R_1gC2z4TUtrOJxgH",NA,NA,NA,NA,"anonymous","EN",NA,NA,1,8,8,"health and wellness store",NA,"5e2f57e54b8a1a51cd14e73c","person",NA,NA,1,1
"10/20/22 11:01","10/20/22 11:03",0,100,71,1,"10/20/22 11:03","R_6SBOGdE76kv8EvL",NA,NA,NA,NA,"anonymous","EN",NA,NA,NA,4,4,"wellness",NA,"5ee82a46e6b51f000bb84f72","person",NA,NA,1,1
"10/20/22 11:01","10/20/22 11:03",0,100,89,1,"10/20/22 11:03","R_UKqzKCIxDZSSHiF",NA,NA,NA,NA,"anonymous","EN",NA,NA,NA,6,4,"health and wellness",7,"5c26b151c4b6e3000152c0b8","robot",NA,1,NA,NA
"10/20/22 11:01","10/20/22 11:03",0,100,139,1,"10/20/22 11:03","R_OJaK61QiPT2ANod",NA,NA,NA,NA,"anonymous","EN",NA,1,NA,1,1,"Health supplement and vitamins store",5,"628270e095732de2fb39cc2a","robot",NA,1,NA,NA
"10/20/22 11:01","10/20/22 11:03",0,100,93,1,"10/20/22 11:03","R_278PokrhQFQaZlU",NA,NA,NA,NA,"anonymous","EN",NA,NA,NA,8,7,"Healthy products including herbals",NA,"633c7dcc6a16e6d57f1a0865","person",NA,NA,1,1
"10/20/22 11:03","10/20/22 11:03",0,100,20,1,"10/20/22 11:03","R_3oHpN2Cf9Pc5qTG",NA,NA,NA,NA,"anonymous","EN",NA,NA,1,8,8,"Yoga store",NA,"5b9b0f12d1ff7a00013b3b8a","person",NA,NA,1,1
"10/20/22 11:02","10/20/22 11:03",0,100,78,1,"10/20/22 11:03","R_6zGr5dvUOBXQxRT",NA,NA,NA,NA,"anonymous","EN",NA,NA,NA,1,1,"health and wellness store",3,"6317ff72f121393076a14995","robot",1,NA,NA,NA
"10/20/22 11:03","10/20/22 11:03",0,100,19,1,"10/20/22 11:03","R_1opdgKJ2hQzEYlu",NA,NA,NA,NA,"anonymous","EN",NA,NA,1,8,9,"Health",NA,"608f52575bb0d2fe263bfb5b","person",NA,NA,1,1
"10/20/22 11:01","10/20/22 11:04",0,100,134,1,"10/20/22 11:04","R_3n33sWtjreQ7s7X",NA,NA,NA,NA,"anonymous","EN",NA,NA,NA,0,0,"Health and vitamin ",0,"62db80a54255407140d8843e","robot",NA,1,NA,NA
"10/20/22 11:03","10/20/22 11:04",0,100,61,1,"10/20/22 11:04","R_3MSE9wtO1HpBnNF",NA,NA,NA,NA,"anonymous","EN",NA,NA,1,8,7,"Health and wellness ",NA,"6139aed4f23d087290d96200","person",NA,NA,1,1
"10/20/22 11:03","10/20/22 11:04",0,100,77,1,"10/20/22 11:04","R_r8wMMks53tY6AYV",NA,NA,NA,NA,"anonymous","EN",NA,NA,NA,9,7,"Pharmacy",8,"62ffa989dbd072768cd2a14e","robot",1,NA,NA,NA
"10/20/22 11:03","10/20/22 11:04",0,100,93,1,"10/20/22 11:04","R_26eyxkTSCeaKYdg",NA,NA,NA,NA,"anonymous","EN",NA,NA,NA,8,8,"health/vitamin store",NA,"6340c2fb43e8f31b182c5058","person",NA,NA,1,1
"10/20/22 11:04","10/20/22 11:05",0,100,62,1,"10/20/22 11:05","R_AHUnrvranVK0FGN",NA,NA,NA,NA,"anonymous","EN",NA,NA,1,9,10,"Healthy food and supplements store.",NA,"607dda35bfc368ded94a15e3","person",NA,NA,1,1
"10/20/22 11:04","10/20/22 11:05",0,100,83,1,"10/20/22 11:05","R_2co6TGbnoanvVbH",NA,NA,NA,NA,"anonymous","EN",NA,1,NA,2,5,"Department ",8,"56dfb1516b4093000dd8ca21","robot",NA,1,NA,NA
"10/20/22 11:03","10/20/22 11:05",0,100,139,1,"10/20/22 11:05","R_1dzBpaCM6VRK2Hy",NA,NA,NA,NA,"anonymous","EN",1,NA,NA,8,8,"health and wellness",6,"5c93d5271959a00012c88972","robot",1,NA,NA,NA
"10/20/22 11:04","10/20/22 11:05",0,100,44,1,"10/20/22 11:05","R_1n7LCs85WCz3BqV",NA,NA,NA,NA,"anonymous","EN",NA,NA,NA,9,9,"Health and Wellness Store",NA,"60fddd1ef83cc16b0411a2ba","person",NA,NA,1,1
"10/20/22 11:03","10/20/22 11:05",0,100,118,1,"10/20/22 11:05","R_1ezcgnvbfvuPVf1",NA,NA,NA,NA,"anonymous","EN",1,NA,NA,8,8,"Health and wellness",7,"5dc1d16946c7ba134f6626bc","robot",1,NA,NA,NA
"10/20/22 11:05","10/20/22 11:05",0,100,35,1,"10/20/22 11:05","R_2YESWaiiGKk0mYd",NA,NA,NA,NA,"anonymous","EN",1,NA,NA,8,9,"ealth and wellness store",8,"5c15339510f812000174f35e","robot",1,NA,NA,NA
"10/20/22 11:04","10/20/22 11:05",0,100,63,1,"10/20/22 11:05","R_2YDlyKC4oVoscka",NA,NA,NA,NA,"anonymous","EN",NA,NA,1,10,10,"health and wellness",NA,"5b920a69abfadc0001e7ffa9","person",NA,NA,1,1
"10/20/22 11:05","10/20/22 11:05",0,100,38,1,"10/20/22 11:05","R_1pFfkVqHH5rNOxl",NA,NA,NA,NA,"anonymous","EN",NA,NA,1,8,8,"health and wellness store",NA,"60e5a074e98d1be9227cc106","person",NA,NA,1,1
"10/20/22 11:05","10/20/22 11:05",0,100,38,1,"10/20/22 11:05","R_1Lqw8Jq4oFpWidg",NA,NA,NA,NA,"anonymous","EN",NA,NA,1,10,10,"health and wellness",NA,"632345e7359dbcdb66f3f154","person",NA,NA,1,1
"10/20/22 11:05","10/20/22 11:06",0,100,23,1,"10/20/22 11:06","R_3HSKIPAPGPTA6XL",NA,NA,NA,NA,"anonymous","EN",NA,NA,1,7,8,"Wellness",NA,"5a94362e873cda0001dc66c9","person",NA,NA,1,1
"10/20/22 11:05","10/20/22 11:06",0,100,30,1,"10/20/22 11:06","R_1GBsuvmwSciuPaq",NA,NA,NA,NA,"anonymous","EN",NA,NA,1,9,9,"Health and Wellness",NA,"58509fbda6946500016117ed","person",NA,NA,1,1
"10/20/22 11:04","10/20/22 11:06",0,100,119,1,"10/20/22 11:06","R_3fD9IgbwmQIa0Ef",NA,NA,NA,NA,"anonymous","EN",NA,NA,NA,5,5,"Wellness",4,"60a46cf64f3812c21ea9ed6c","robot",1,NA,NA,NA
"10/20/22 11:04","10/20/22 11:06",0,100,126,1,"10/20/22 11:06","R_YY7ODjqnbXV7q3D",NA,NA,NA,NA,"anonymous","EN",NA,1,NA,3,5,"Health and Wellness store",0,"60b8ebe00e8724e493098e52","robot",NA,1,NA,NA
"10/20/22 11:05","10/20/22 11:06",0,100,99,1,"10/20/22 11:06","R_OOMPWK6Uv1fhJIt",NA,NA,NA,NA,"anonymous","EN",1,NA,NA,10,10,"health and wellness",8,"580145ebf35f130001c36157","robot",1,NA,NA,NA
"10/20/22 11:05","10/20/22 11:06",0,100,109,1,"10/20/22 11:06","R_2VgM4OBqzSwnAZK",NA,NA,NA,NA,"anonymous","EN",NA,NA,NA,6,6,"Health Store",6,"623484b9a279762ab4c8b6dc","robot",1,NA,NA,NA
"10/20/22 11:05","10/20/22 11:07",0,100,75,1,"10/20/22 11:07","R_1mqiPB0u8TJrJxa",NA,NA,NA,NA,"anonymous","EN",NA,NA,NA,9,9,"supplements, vitamins, nutrition - Health and Wellness",NA,"62dd47968d609bcb40a8f5ee","person",NA,NA,1,1
"10/20/22 11:06","10/20/22 11:07",0,100,47,1,"10/20/22 11:07","R_25RgLbtLBC4Y9BF",NA,NA,NA,NA,"anonymous","EN",NA,NA,1,10,10,"a health food store",NA,"60a48adfe091e410f4eaba34","person",NA,NA,1,1
"10/20/22 11:03","10/20/22 11:07",0,100,252,1,"10/20/22 11:07","R_U9eAMDcq2doJkOt",NA,NA,NA,NA,"anonymous","EN",NA,NA,NA,5,5,"Health and Wellness store",8,"614e36c5f5569f7b6d406171","robot",NA,1,NA,NA
"10/20/22 11:05","10/20/22 11:07",0,100,136,1,"10/20/22 11:07","R_3rNhkC3EonGheah",NA,NA,NA,NA,"anonymous","EN",NA,1,NA,3,5,"Health related/vitamins",8,"5fd9ad6dab00c64c8a45c9fc","robot",NA,1,NA,NA
"10/20/22 11:05","10/20/22 11:07",0,100,152,1,"10/20/22 11:07","R_UDwJBgnKDATrjCF",NA,NA,NA,NA,"anonymous","EN",NA,1,NA,4,3,"health and wellness store",7,"6318c3b2f781fbd55e9663af","robot",NA,1,NA,NA
"10/20/22 11:03","10/20/22 11:07",0,100,254,1,"10/20/22 11:07","R_1CEDR99pD1TX0yi",NA,NA,NA,NA,"anonymous","EN",NA,1,NA,9,10,"health and wellness",9,"5de7f88b762dc2775b2265b8","robot",NA,1,NA,NA
"10/20/22 11:05","10/20/22 11:07",0,100,175,1,"10/20/22 11:07","R_28P2y663hWAmSrN",NA,NA,NA,NA,"anonymous","EN",1,NA,NA,2,2,"Health vitamins et cetera",6,"5dd3301ff3b7c233e991e522","robot",1,NA,NA,NA
"10/20/22 11:06","10/20/22 11:08",0,100,73,1,"10/20/22 11:08","R_2uP5LqSXe6N332R",NA,NA,NA,NA,"anonymous","EN",1,NA,NA,3,3,"Health and Wellness/Vitamin",7,"60fd640fec893eee4eb8c3a7","robot",1,NA,NA,NA
"10/20/22 11:06","10/20/22 11:08",0,100,119,1,"10/20/22 11:08","R_3FLpfmkby4RT9yX",NA,NA,NA,NA,"anonymous","EN",NA,NA,NA,9,5,"Health and Wellness",7,"5b54ce6fb7ef510001676f99","robot",1,NA,NA,NA
"10/20/22 11:06","10/20/22 11:08",0,100,113,1,"10/20/22 11:08","R_3M4h8zztA9axtCY",NA,NA,NA,NA,"anonymous","EN",NA,NA,NA,2,1,"vitamin world",9,"5de5f3b223a51156c5a404a7","robot",1,NA,NA,NA
"10/20/22 11:03","10/20/22 11:08",0,100,278,1,"10/20/22 11:08","R_1IT5JP3pwMv0a0I",NA,NA,NA,NA,"anonymous","EN",NA,NA,NA,3,3,"Health and wellness",2,"62fd4e39539dab80fb5575d1","robot",1,NA,NA,NA
"10/20/22 11:06","10/20/22 11:08",0,100,152,1,"10/20/22 11:08","R_2VyGuRerKHKJjRL",NA,NA,NA,NA,"anonymous","EN",NA,1,NA,7,5,"Health & Wellness",10,"62794a276fc2c539bfea92e3","robot",NA,1,NA,NA
"10/20/22 11:06","10/20/22 11:08",0,100,146,1,"10/20/22 11:08","R_1LCgHZvh5N4mXhL",NA,NA,NA,NA,"anonymous","EN",NA,1,NA,7,7,"Health and Wellness",8,"5e30a19861ac040a4355a96d","robot",NA,1,NA,NA
"10/20/22 11:06","10/20/22 11:08",0,100,150,1,"10/20/22 11:08","R_1mUh1fPuOq2cz3P",NA,NA,NA,NA,"anonymous","EN",NA,1,NA,0,0,"Vitamin store",0,"6294d82bb0175e9e889710a9","robot",NA,1,NA,NA
"10/20/22 11:07","10/20/22 11:08",0,100,51,1,"10/20/22 11:08","R_2QGNMCmI1dHKcOR",NA,NA,NA,NA,"anonymous","EN",NA,NA,NA,9,9,"Health and wellness store",NA,"5c3d49f6486a390001e87d8e","person",NA,NA,1,1
"10/20/22 11:07","10/20/22 11:08",0,100,96,1,"10/20/22 11:08","R_1dgdKijSRm1jaES",NA,NA,NA,NA,"anonymous","EN",1,NA,NA,5,4,"A vitamin and herbal sotre.",8,"5e0d6dee4f40fb4f60fc0494","robot",1,NA,NA,NA
"10/20/22 11:05","10/20/22 11:08",0,100,191,1,"10/20/22 11:08","R_1F5NSCGW8Xni4ky",NA,NA,NA,NA,"anonymous","EN",NA,NA,NA,0,0,"health and wellness",10,"5ee6cc4e34f12e44e827f657","robot",NA,1,NA,NA
"10/20/22 11:08","10/20/22 11:09",0,100,42,1,"10/20/22 11:09","R_10TQxQSC42t6vwn",NA,NA,NA,NA,"anonymous","EN",NA,NA,1,10,10,"Medicine store",NA,"62a79736d35f0d55a77dc3b3","person",NA,NA,1,1
"10/20/22 11:06","10/20/22 11:09",0,100,128,1,"10/20/22 11:09","R_10ZCpSjJxNs0a1v",NA,NA,NA,NA,"anonymous","EN",NA,NA,1,6,3,"Retail, some sort of clothing store",NA,"610212ddcd5b37dd97b6622c","person",NA,NA,1,1
"10/20/22 11:07","10/20/22 11:09",0,100,131,1,"10/20/22 11:09","R_2aWuna4J3wjHGY8",NA,NA,NA,NA,"anonymous","EN",NA,1,NA,10,10,"health store",10,"5a7618b18fe2dc0001057243","robot",NA,1,NA,NA
"10/20/22 11:07","10/20/22 11:09",0,100,106,1,"10/20/22 11:09","R_1H0neoyugBf0VoP",NA,NA,NA,NA,"anonymous","EN",NA,NA,NA,3,3,"Health and wellness",7,"6298d2708f16a38e439714f1","robot",NA,1,NA,NA
"10/20/22 11:02","10/20/22 11:09",0,100,404,1,"10/20/22 11:09","R_3CHpGpHfaPZtGm6",NA,NA,NA,NA,"anonymous","EN",NA,NA,NA,0,0,"supplement store",6,"6339e60ea0fabcf7177b504b","robot",NA,1,NA,NA
"10/20/22 11:09","10/20/22 11:09",0,100,25,1,"10/20/22 11:09","R_1dExtZeMEVlEz0T",NA,NA,NA,NA,"anonymous","EN",NA,NA,1,10,10,"welless",NA,"60fe4bca231db80168012c73","person",NA,NA,1,1
"10/20/22 11:09","10/20/22 11:10",0,100,52,1,"10/20/22 11:10","R_0d3JIVq04Ix4pI5",NA,NA,NA,NA,"anonymous","EN",NA,NA,1,10,8,"Health and wellness",NA,"55a56724fdf99b7973398109","person",NA,NA,1,1
"10/20/22 11:09","10/20/22 11:10",0,100,83,1,"10/20/22 11:10","R_3rYvkVPTZv35nWp",NA,NA,NA,NA,"anonymous","EN",NA,NA,NA,7,5,"HEALTH WELLNESS",6,"634f87d42fa897f3a8e3acad","robot",NA,1,NA,NA
"10/20/22 11:07","10/20/22 11:10",0,100,201,1,"10/20/22 11:10","R_domTpp3R4s3nyz7",NA,NA,NA,NA,"anonymous","EN",1,NA,NA,8,8,"Wellness and Yoga shop",10,"6314686dea012501d8934177","robot",1,NA,NA,NA
"10/20/22 11:10","10/20/22 11:10",0,100,24,1,"10/20/22 11:10","R_1ePlDKhHt0meZpq",NA,NA,NA,NA,"anonymous","EN",NA,NA,NA,4,4,"health and wellness",NA,"5f13ea64399eaf40ff6c1b90","person",NA,NA,1,1
"10/20/22 11:08","10/20/22 11:10",0,100,121,1,"10/20/22 11:10","R_2z92yHYiREQXc0l",NA,NA,NA,NA,"anonymous","EN",NA,NA,NA,7,8,"Health and wellness store",2,"5dc4a52b655ad2371b62dfd1","robot",1,NA,NA,NA
"10/20/22 10:54","10/20/22 11:10",0,100,952,1,"10/20/22 11:10","R_10wsSEpUfzyESc6",NA,NA,NA,NA,"anonymous","EN",NA,1,NA,7,7,"health/wellness store",10,"5f5ab115b8e6411bcb5dadf1","robot",NA,1,NA,NA
"10/20/22 11:06","10/20/22 11:10",0,100,254,1,"10/20/22 11:10","R_1PRgEHgDnZsqO0G",NA,NA,NA,NA,"anonymous","EN",NA,1,NA,2,3,"Health and Wellness store",7,"60d8d9348db2bb3a539b5c1d","robot",NA,1,NA,NA
"10/20/22 11:10","10/20/22 11:10",0,100,42,1,"10/20/22 11:10","R_27qTLs6x5rXPaWV",NA,NA,NA,NA,"anonymous","EN",NA,NA,1,8,6,"wellness",NA,"5deea21c3e57d1542111bea2","person",NA,NA,1,1
"10/20/22 11:09","10/20/22 11:11",0,100,113,1,"10/20/22 11:11","R_3gR6VmCz8EQUoBr",NA,NA,NA,NA,"anonymous","EN",NA,1,NA,6,6,"vitamins and wellness",7,"610752fa5b54228c75f3ced4","robot",NA,1,NA,NA
"10/20/22 11:07","10/20/22 11:11",0,100,240,1,"10/20/22 11:11","R_2zjCcXINle805p1",NA,NA,NA,NA,"anonymous","EN",NA,NA,1,6,6,"GNC",NA,"629e1488d6127db2f9fe0e74","person",NA,NA,1,1
"10/20/22 11:09","10/20/22 11:11",0,100,97,1,"10/20/22 11:11","R_2w6yxgPceKiyT1s",NA,NA,NA,NA,"anonymous","EN",1,NA,NA,2,2,"health and wellness ",4,"62fbbedd2552da8b5d4fc4b8","robot",1,NA,NA,NA
"10/20/22 11:09","10/20/22 11:11",0,100,116,1,"10/20/22 11:11","R_Dqv5Q0Wr34z74fn",NA,NA,NA,NA,"anonymous","EN",NA,1,NA,8,9,"Health",9,"5e1b299528c70235eeed62ef","robot",NA,1,NA,NA
"10/20/22 11:10","10/20/22 11:11",0,100,30,1,"10/20/22 11:11","R_1jrYyeMYj4DdQ9r",NA,NA,NA,NA,"anonymous","EN",NA,NA,1,10,10,"health and wellness store",NA,"6279c1daff96f85ae66373e0","person",NA,NA,1,1
"10/20/22 11:09","10/20/22 11:11",0,100,153,1,"10/20/22 11:11","R_x3JMIxhyam4EhuV",NA,NA,NA,NA,"anonymous","EN",NA,NA,NA,9,8,"Health and Wellness",10,"5fc3e1e8704ddd41e549c4b8","robot",1,NA,NA,NA
"10/20/22 11:10","10/20/22 11:11",0,100,67,1,"10/20/22 11:11","R_dbZf7mu6vaipkGJ",NA,NA,NA,NA,"anonymous","EN",NA,1,NA,6,4,"health and wellness",8,"62ffa51597bb1507ef057ca0","robot",NA,1,NA,NA
"10/20/22 11:10","10/20/22 11:11",0,100,67,1,"10/20/22 11:11","R_3ilM7isHAZzUN1v",NA,NA,NA,NA,"anonymous","EN",NA,NA,1,8,8,"It seemed like an average person",NA,"5fd9227fbeeb773aa4d6c986","person",NA,NA,1,1
"10/20/22 11:10","10/20/22 11:12",0,100,116,1,"10/20/22 11:12","R_eQj36HAY0dMBh4d",NA,NA,NA,NA,"anonymous","EN",NA,1,NA,5,7,"Health and wellness store that sells vitamins",10,"60e7a42ebc5356742b8dbf61","robot",NA,1,NA,NA
"10/20/22 11:10","10/20/22 11:12",0,100,112,1,"10/20/22 11:12","R_3FR35YtCZaKlSSj",NA,NA,NA,NA,"anonymous","EN",NA,NA,NA,7,7,"heath & wellness",4,"60e1e2e5bf8cfa6e08a411cb","robot",1,NA,NA,NA
"10/20/22 11:11","10/20/22 11:12",0,100,76,1,"10/20/22 11:12","R_33pfCIEAvDmhU02",NA,NA,NA,NA,"anonymous","EN",NA,NA,NA,3,2,"Health and wellness - vitamin",1,"5e5c6b9c8ce757449e4a6dc1","robot",1,NA,NA,NA
"10/20/22 11:11","10/20/22 11:12",0,100,59,1,"10/20/22 11:12","R_6RpgLHoQHlkuhEt",NA,NA,NA,NA,"anonymous","EN",NA,NA,1,10,10,"Health and Wellness, like GNC",NA,"5ca73ac06fa13f00189cbe17","person",NA,NA,1,1
"10/20/22 11:11","10/20/22 11:12",0,100,88,1,"10/20/22 11:12","R_00vqulifiMfN1cJ",NA,NA,NA,NA,"anonymous","EN",NA,1,NA,8,7,"health and wellness store",9,"610064f3ff545af9d849df6e","robot",NA,1,NA,NA
"10/20/22 11:09","10/20/22 11:13",0,100,193,1,"10/20/22 11:13","R_1NdWBUtF1thMWXY",NA,NA,NA,NA,"anonymous","EN",NA,NA,NA,7,5,"herbal supplement",8,"5ddd99500f8d51d1ce9fd780","robot",1,NA,NA,NA
"10/20/22 11:11","10/20/22 11:13",0,100,85,1,"10/20/22 11:13","R_R2nwNPLqI5UydDb",NA,NA,NA,NA,"anonymous","EN",NA,NA,NA,8,8,"Health and wellness",5,"5bd8e057beca730001cf1bf5","robot",1,NA,NA,NA
"10/20/22 11:13","10/20/22 11:13",0,100,32,1,"10/20/22 11:13","R_3OqC2Ra45RCEEjJ",NA,NA,NA,NA,"anonymous","EN",NA,NA,1,9,9,"wellness",NA,"600e06e28546f25be49539fa","person",NA,NA,1,1
"10/20/22 11:13","10/20/22 11:13",0,100,52,1,"10/20/22 11:13","R_DrdcDFvK99Xa6AN",NA,NA,NA,NA,"anonymous","EN",NA,NA,1,10,10,"Health and wellness store",NA,"5d81a07bb93ab40016a1cdac","person",NA,NA,1,1
"10/20/22 11:12","10/20/22 11:14",0,100,114,1,"10/20/22 11:14","R_3iDXm3JtF0RIRod",NA,NA,NA,NA,"anonymous","EN",NA,NA,NA,10,9,"Health and Wellness",NA,"5cdad620eae6f70019d4e950","person",NA,NA,1,1
"10/20/22 11:12","10/20/22 11:14",0,100,133,1,"10/20/22 11:14","R_33gtEvTSzHKoD4a",NA,NA,NA,NA,"anonymous","EN",NA,1,NA,2,3,"Health and wellness store",4,"60fd137efeab904ae4974be4","robot",NA,1,NA,NA
"10/20/22 11:10","10/20/22 11:14",0,100,222,1,"10/20/22 11:14","R_1P6SmNZbkyXu0AR",NA,NA,NA,NA,"anonymous","EN",NA,NA,NA,0,1,"health and wellness",9,"6334a8022f05d63c1f898896","robot",1,NA,NA,NA
"10/20/22 11:12","10/20/22 11:14",0,100,122,1,"10/20/22 11:14","R_1qg2V3DrnzJMHRy",NA,NA,NA,NA,"anonymous","EN",1,NA,NA,7,5,"A health and wellness",8,"5c02f544e6eafc0001f6d37b","robot",1,NA,NA,NA
"10/20/22 11:12","10/20/22 11:15",0,100,130,1,"10/20/22 11:15","R_3j6g5rzec38Krrl",NA,NA,NA,NA,"anonymous","EN",NA,NA,NA,8,6,"Health and wellness store",8,"5f3ac20029c84574e35b3193","robot",NA,1,NA,NA
"10/20/22 11:12","10/20/22 11:15",0,100,160,1,"10/20/22 11:15","R_30c1nCZODCySwdO",NA,NA,NA,NA,"anonymous","EN",NA,NA,NA,5,5,"store that sells vitamins and other health related stuff",8,"5eb339ee6290bc124b8549a6","robot",1,NA,NA,NA
"10/20/22 11:13","10/20/22 11:15",0,100,113,1,"10/20/22 11:15","R_2am2jcnLBwQntD9",NA,NA,NA,NA,"anonymous","EN",NA,1,NA,8,8,"Health and wellness!",10,"60ca93b4fcd7ff11d29bcb90","robot",NA,1,NA,NA
"10/20/22 11:13","10/20/22 11:15",0,100,116,1,"10/20/22 11:15","R_BrzcTbgjRr2jjKF",NA,NA,NA,NA,"anonymous","EN",NA,NA,NA,8,8,"Health store",8,"62749fbd70a9fa9d1450f775","robot",NA,1,NA,NA
"10/20/22 11:14","10/20/22 11:15",0,100,75,1,"10/20/22 11:15","R_aY64nb1xwDCmWdz",NA,NA,NA,NA,"anonymous","EN",NA,NA,NA,9,9,"A health and wellness store.",8,"5e408d408c3b932d74635ec1","robot",NA,1,NA,NA
"10/20/22 11:15","10/20/22 11:15",0,100,31,1,"10/20/22 11:15","R_1cTILm6RWbGrc4z",NA,NA,NA,NA,"anonymous","EN",NA,NA,NA,10,10,"personal health",NA,"5ef11fdda0736031899eb5dc","person",NA,NA,1,1
"10/20/22 11:14","10/20/22 11:15",0,100,98,1,"10/20/22 11:15","R_12AuK4EIF6ilhlU",NA,NA,NA,NA,"anonymous","EN",NA,NA,NA,7,7,"Health and wellness",7,"607435d7bb7c719940df00db","robot",1,NA,NA,NA
"10/20/22 11:15","10/20/22 11:15",0,100,52,1,"10/20/22 11:15","R_ZleCtnLXzSPPJMl",NA,NA,NA,NA,"anonymous","EN",NA,NA,NA,10,10,"Health and wellness",NA,"60632b562ed6028c6bb905a6","person",NA,NA,1,1
"10/20/22 11:12","10/20/22 11:16",0,100,223,1,"10/20/22 11:16","R_DMsmuZpQPN6L281",NA,NA,NA,NA,"anonymous","EN",1,NA,NA,8,8," health and wellness",6,"5d5e4baff521f100166c5d3a","robot",1,NA,NA,NA
"10/20/22 11:15","10/20/22 11:16",0,100,81,1,"10/20/22 11:16","R_2D60VeKvFTFPGuV",NA,NA,NA,NA,"anonymous","EN",NA,NA,NA,6,7,"vitamin store",9,"60d3f9b634e76f8f4b911ad6","robot",1,NA,NA,NA
"10/20/22 11:15","10/20/22 11:16",0,100,92,1,"10/20/22 11:16","R_2Sk2jJDy72OGegy",NA,NA,NA,NA,"anonymous","EN",1,NA,NA,1,1,"Health vitamins wellness ",7,"6111308dc631d4011ef43a73","robot",1,NA,NA,NA
"10/20/22 11:16","10/20/22 11:16",0,100,29,1,"10/20/22 11:16","R_1Q6KYG3S34V6DgI",NA,NA,NA,NA,"anonymous","EN",NA,NA,1,10,10,"health and wellness",NA,"570d891d42a1db000fc65b4d","person",NA,NA,1,1
"10/20/22 11:15","10/20/22 11:17",0,100,99,1,"10/20/22 11:17","R_1il1YBy72mNl6Up",NA,NA,NA,NA,"anonymous","EN",NA,1,NA,6,6,"Health and wellness",8,"6108781e0d1dd936d2b75432","robot",NA,1,NA,NA
"10/20/22 11:17","10/20/22 11:17",0,100,39,1,"10/20/22 11:17","R_7Pq9GoKzN1Vu9JT",NA,NA,NA,NA,"anonymous","EN",NA,NA,1,7,5,"Health and Wellness store",NA,"5e5f09c5e58b6a24d4783e78","person",NA,NA,1,1
"10/20/22 11:16","10/20/22 11:17",0,100,74,1,"10/20/22 11:17","R_xaChIyDOgBNlPsB",NA,NA,NA,NA,"anonymous","EN",1,NA,NA,8,6,"HEALTH AND WELLNESS",6,"5e833e342598d4053db08f1f","robot",1,NA,NA,NA
"10/20/22 11:15","10/20/22 11:18",0,100,156,1,"10/20/22 11:18","R_2A1fhertqPLco7m",NA,NA,NA,NA,"anonymous","EN",1,NA,NA,7,3,"health and wellness store",5,"60578289f0cace7f2c72d107","robot",1,NA,NA,NA
"10/20/22 11:17","10/20/22 11:18",0,100,51,1,"10/20/22 11:18","R_3g7KDC1hfCZRuZU",NA,NA,NA,NA,"anonymous","EN",1,NA,NA,4,3,"health store",4,"5cf5ea4dea7a80000156520e","robot",1,NA,NA,NA
"10/20/22 11:16","10/20/22 11:18",0,100,112,1,"10/20/22 11:18","R_2WTop8QLkodFzxh",NA,NA,NA,NA,"anonymous","EN",NA,1,NA,2,5,"Health & Wellness",8,"559bd307fdf99b7d0e839549","robot",NA,1,NA,NA
"10/20/22 11:17","10/20/22 11:18",0,100,29,1,"10/20/22 11:18","R_1PXVvGGIECmv8uQ",NA,NA,NA,NA,"anonymous","EN",NA,NA,1,8,8,"Health and wellness",NA,"610a0ee712ed8d727ac617f0","person",NA,NA,1,1
"10/20/22 11:16","10/20/22 11:18",0,100,99,1,"10/20/22 11:18","R_6qZkiU6ppaMVMxb",NA,NA,NA,NA,"anonymous","EN",NA,1,NA,6,2,"Grocery ",6,"6285130fc532c72c28eec863","robot",NA,1,NA,NA
"10/20/22 11:18","10/20/22 11:18",0,100,33,1,"10/20/22 11:18","R_31dEptsDN08jxej",NA,NA,NA,NA,"anonymous","EN",NA,NA,NA,9,9,"Vitamin shop",NA,"62961a74c04370f9348ecb21","person",NA,NA,1,1
"10/20/22 11:18","10/20/22 11:19",0,100,26,1,"10/20/22 11:19","R_3p8SjjE43gXiZlb",NA,NA,NA,NA,"anonymous","EN",NA,NA,1,8,8,"health and wellness / herbal supplements",NA,"61153541b67ed34ecf2557d8","person",NA,NA,1,1
"10/20/22 11:18","10/20/22 11:19",0,100,37,1,"10/20/22 11:19","R_20MV4Lu2FJgEQO4",NA,NA,NA,NA,"anonymous","EN",NA,NA,1,9,9,"health and wellness",NA,"55f5e5e132af740012171c62","person",NA,NA,1,1
"10/20/22 11:17","10/20/22 11:19",0,100,127,1,"10/20/22 11:19","R_Uno5cgOxQRM2b6h",NA,NA,NA,NA,"anonymous","EN",NA,1,NA,7,8," health and wellness store",4,"5f32aab12a9f82000854c3ea","robot",NA,1,NA,NA
"10/20/22 11:18","10/20/22 11:19",0,100,30,1,"10/20/22 11:19","R_2CNCuvL1V6kNG4W",NA,NA,NA,NA,"anonymous","EN",NA,NA,1,10,10,"health and wellness store",NA,"5d62dd02d556f20015807921","person",NA,NA,1,1
"10/20/22 11:17","10/20/22 11:19",0,100,128,1,"10/20/22 11:19","R_2QPsMzT9Zy1Yyiv",NA,NA,NA,NA,"anonymous","EN",NA,NA,NA,0,0,"A health supplement/yoga store",3,"5e83a35304f8a80a13ac590e","robot",NA,1,NA,NA
"10/20/22 11:17","10/20/22 11:19",0,100,87,1,"10/20/22 11:19","R_10G8VGhKejsOFKU",NA,NA,NA,NA,"anonymous","EN",NA,NA,NA,0,0,"health and wellness",1,"5deec7e78b5f8b5683c0355a","robot",NA,1,NA,NA
"10/20/22 11:17","10/20/22 11:19",0,100,126,1,"10/20/22 11:19","R_3PipQvdc1jnGyDs",NA,NA,NA,NA,"anonymous","EN",1,NA,NA,2,2,"A health store ",8,"5c6a617c4330ba000182510e","robot",1,NA,NA,NA
"10/20/22 11:18","10/20/22 11:19",0,100,60,1,"10/20/22 11:19","R_1OxFA6zq5o4ny8V",NA,NA,NA,NA,"anonymous","EN",1,NA,NA,0,0,"health store",2,"5da6139c002c29001335b5a2","robot",1,NA,NA,NA
"10/20/22 11:19","10/20/22 11:19",0,100,43,1,"10/20/22 11:19","R_22V2pStF5RdPZAH",NA,NA,NA,NA,"anonymous","EN",NA,NA,1,7,7,"health and wellness",NA,"6155e385b962144f4710b011","person",NA,NA,1,1
"10/20/22 11:19","10/20/22 11:20",0,100,46,1,"10/20/22 11:20","R_21v8veZ4X4KJJd0",NA,NA,NA,NA,"anonymous","EN",NA,NA,NA,10,10,"Health and Wellness ",NA,"614918a6dcc9c2fb0bde6331","person",NA,NA,1,1
"10/20/22 11:19","10/20/22 11:20",0,100,71,1,"10/20/22 11:20","R_29p2gbwZP8pNiO7",NA,NA,NA,NA,"anonymous","EN",1,NA,NA,5,3,"health - vitamins",8,"60fef79fa408c9eae61e49c3","robot",1,NA,NA,NA
"10/20/22 11:19","10/20/22 11:20",0,100,69,1,"10/20/22 11:20","R_3EoPWkDa4aA6Gi0",NA,NA,NA,NA,"anonymous","EN",NA,NA,NA,7,7,"health and wellness store",NA,"60fdf439667428ddf589f80f","person",NA,NA,1,1
"10/20/22 11:19","10/20/22 11:20",0,100,83,1,"10/20/22 11:20","R_3kt6I3BcsQ2WadG",NA,NA,NA,NA,"anonymous","EN",NA,NA,NA,3,3,"Health and wellness ",4,"5fdba0fa8929f002d77a2aef","robot",1,NA,NA,NA
"10/20/22 11:18","10/20/22 11:20",0,100,130,1,"10/20/22 11:20","R_3njcclACNiN17uy",NA,NA,NA,NA,"anonymous","EN",1,NA,NA,6,7,"health and wellness",8,"628fa75dcf7f7273127b4614","robot",1,NA,NA,NA
"10/20/22 11:20","10/20/22 11:20",0,100,32,1,"10/20/22 11:20","R_1LLuJ4WkOMEVEuA",NA,NA,NA,NA,"anonymous","EN",NA,NA,NA,9,9,"Health",NA,"60f728553a37102574b585c4","person",NA,NA,1,1
"10/20/22 11:19","10/20/22 11:20",0,100,59,1,"10/20/22 11:20","R_1IjgagmuxAG0a2H",NA,NA,NA,NA,"anonymous","EN",NA,NA,1,10,10,"health and wellness / vitamin store",NA,"5484739ffdf99b0379939c95","person",NA,NA,1,1
"10/20/22 11:18","10/20/22 11:20",0,100,143,1,"10/20/22 11:20","R_Y4g8Kd9cqllXVGp",NA,NA,NA,NA,"anonymous","EN",NA,NA,NA,8,7,"health and wellness",4,"62f8f6e9f4586438b191a9a4","robot",NA,1,NA,NA
"10/20/22 11:19","10/20/22 11:20",0,100,111,1,"10/20/22 11:20","R_4MdP4a2D7gxLNN7",NA,NA,NA,NA,"anonymous","EN",NA,NA,NA,6,4,"Wellness store",8,"57bca845e2101600015e8e88","robot",NA,1,NA,NA
"10/20/22 11:14","10/20/22 11:21",0,100,420,1,"10/20/22 11:21","R_3LiibB4HAN9Fk4m",NA,NA,NA,NA,"anonymous","EN",NA,NA,NA,10,10,"Health and wellness",NA,"5d510396f6725b001a4fc025","person",NA,NA,1,1
"10/20/22 11:19","10/20/22 11:21",0,100,88,1,"10/20/22 11:21","R_1kF8AKrjhJ6Sk5I",NA,NA,NA,NA,"anonymous","EN",NA,1,NA,7,8,"Hospital ",5,"5e801ffa2b3c3870ecdf7865","robot",NA,1,NA,NA
"10/20/22 11:20","10/20/22 11:21",0,100,35,1,"10/20/22 11:21","R_272pBNQAaZkBnyr",NA,NA,NA,NA,"anonymous","EN",NA,NA,1,9,8,"Health store",NA,"59d9d9cd8fd07a0001842484","person",NA,NA,1,1
"10/20/22 11:18","10/20/22 11:21",0,100,172,1,"10/20/22 11:21","R_2QM5C27lQ59oWWn",NA,NA,NA,NA,"anonymous","EN",NA,1,NA,10,10,"Health n wellness store",3,"5e72ca5b264abb21732427cf","robot",NA,1,NA,NA
"10/20/22 11:20","10/20/22 11:21",0,100,84,1,"10/20/22 11:21","R_2VdUXfHyFwFIyYi",NA,NA,NA,NA,"anonymous","EN",NA,NA,NA,4,2,"wellness",6,"574cca765e5491000f3c89e0","robot",NA,1,NA,NA
"10/20/22 11:19","10/20/22 11:21",0,100,131,1,"10/20/22 11:21","R_124IH5TFF3xKpAr",NA,NA,NA,NA,"anonymous","EN",NA,NA,NA,5,5,"nutrition health and wellness store",5,"5e26ed82677d6f91fcf492f8","robot",NA,1,NA,NA
"10/20/22 11:21","10/20/22 11:21",0,100,33,1,"10/20/22 11:21","R_3oBdnof2KPjCqa9",NA,NA,NA,NA,"anonymous","EN",NA,NA,1,8,7,"Health and wellness",NA,"60d3736964ea8092eba95633","person",NA,NA,1,1
"10/20/22 11:20","10/20/22 11:21",0,100,69,1,"10/20/22 11:21","R_1d01cfBVN1CVrQk",NA,NA,NA,NA,"anonymous","EN",NA,NA,NA,1,1,"grocery store",7,"59c3289b8e6ea10001f7b926","robot",NA,1,NA,NA
"10/20/22 11:21","10/20/22 11:22",0,100,38,1,"10/20/22 11:22","R_2dykKX73jGc5xLs",NA,NA,NA,NA,"anonymous","EN",NA,NA,NA,10,6,"Health and vitamin. ",NA,"600b867e297f072364af7a99","person",NA,NA,1,1
"10/20/22 11:20","10/20/22 11:22",0,100,102,1,"10/20/22 11:22","R_2QPClZ3sldIYfP0",NA,NA,NA,NA,"anonymous","EN",NA,NA,NA,10,10,"Health and wellness store",7,"5d547584d98e450001b3ea7e","robot",1,NA,NA,NA
"10/20/22 11:21","10/20/22 11:22",0,100,69,1,"10/20/22 11:22","R_2qkPNAf1DwRgfNC",NA,NA,NA,NA,"anonymous","EN",NA,1,NA,6,5,"Health and wellness",7,"60566620bb888e88b6c157ee","robot",NA,1,NA,NA
"10/20/22 11:21","10/20/22 11:22",0,100,35,1,"10/20/22 11:22","R_NUzZlevLowCeEmt",NA,NA,NA,NA,"anonymous","EN",NA,NA,1,6,6,"Health and wellness store ",NA,"5e3dde6752592c000c7fd10b","person",NA,NA,1,1
"10/20/22 11:21","10/20/22 11:22",0,100,81,1,"10/20/22 11:22","R_2bK4eKXVHykgVk6",NA,NA,NA,NA,"anonymous","EN",NA,NA,1,9,8,"Health and Wellness",NA,"6166c0eb123b6e8b34628249","person",NA,NA,1,1
"10/20/22 11:20","10/20/22 11:22",0,100,114,1,"10/20/22 11:22","R_25tnHsZoR6AAlfB",NA,NA,NA,NA,"anonymous","EN",NA,1,NA,10,8,"Health and Wellness",10,"5df3a2877bf57228142c3732","robot",NA,1,NA,NA
"10/20/22 11:19","10/20/22 11:23",0,100,224,1,"10/20/22 11:23","R_9uBDzEC4AfdLd3r",NA,NA,NA,NA,"anonymous","EN",1,NA,NA,3,4,"Health and wellness",5,"606734f4935218ab9f94703c","robot",1,NA,NA,NA
"10/20/22 11:21","10/20/22 11:23",0,100,90,1,"10/20/22 11:23","R_3r1goAaS9sU43qq",NA,NA,NA,NA,"anonymous","EN",NA,1,NA,5,6,"Health and wellness store",3,"5bf56634bc65dd0001f65843","robot",NA,1,NA,NA
"10/20/22 11:21","10/20/22 11:23",0,100,116,1,"10/20/22 11:23","R_3prNWjbC4P8mJVZ",NA,NA,NA,NA,"anonymous","EN",1,NA,NA,8,6,"Health and Wellness",9,"56a1baeee1e5a6000c8fba3e","robot",1,NA,NA,NA
"10/20/22 11:21","10/20/22 11:23",0,100,157,1,"10/20/22 11:23","R_2y1HWGAFT4d1lzY",NA,NA,NA,NA,"anonymous","EN",NA,NA,NA,0,0,"Health & wellness store",7,"5ca8ffbec942ab0016cfe9d2","robot",1,NA,NA,NA
"10/20/22 11:21","10/20/22 11:23",0,100,138,1,"10/20/22 11:23","R_2TY4eLHGnHy66Dj",NA,NA,NA,NA,"anonymous","EN",NA,NA,NA,5,4,"Yoga",4,"5fca054298bccf24d97f2530","robot",1,NA,NA,NA
"10/20/22 11:22","10/20/22 11:23",0,100,64,1,"10/20/22 11:23","R_3ReBNUfQeph7nLo",NA,NA,NA,NA,"anonymous","EN",NA,NA,NA,7,5,"Health and wellness ",NA,"6289830ab45711e64f6d6546","person",NA,NA,1,1
"10/20/22 11:23","10/20/22 11:24",0,100,37,1,"10/20/22 11:24","R_3m38bz1WgsCXi5B",NA,NA,NA,NA,"anonymous","EN",NA,NA,NA,7,7,"Health store",NA,"5c6f64cdcacbc8000113ed19","person",NA,NA,1,1
"10/20/22 11:22","10/20/22 11:24",0,100,93,1,"10/20/22 11:24","R_32YjtoQQXuGJiih",NA,NA,NA,NA,"anonymous","EN",NA,NA,NA,0,0,"health and wellness",5,"59987f73638529000144f126","robot",1,NA,NA,NA
"10/20/22 11:03","10/20/22 11:24",0,100,1260,1,"10/20/22 11:24","R_3gMKcvOFwQJUMJ5",NA,NA,NA,NA,"anonymous","EN",NA,1,NA,4,4,"Health and wellness- selling herbal supplements",6,"6107635aeaf5fe6c4d4aac77","robot",NA,1,NA,NA
"10/20/22 11:22","10/20/22 11:24",0,100,127,1,"10/20/22 11:24","R_3hliCPOdyn1Tz4q",NA,NA,NA,NA,"anonymous","EN",NA,1,NA,0,0,"yoga and wellness ",4,"62a4b2a2831b53dc1beeaab3","robot",NA,1,NA,NA
"10/20/22 11:20","10/20/22 11:24",0,100,228,1,"10/20/22 11:24","R_1ODeic2Z0mcNUAz",NA,NA,NA,NA,"anonymous","EN",NA,NA,NA,0,0,"Health and Wellness ",7,"6266b47e6da251268380b62b","robot",1,NA,NA,NA
"10/20/22 11:22","10/20/22 11:24",0,100,123,1,"10/20/22 11:24","R_00r7b1bHHok1FyF",NA,NA,NA,NA,"anonymous","EN",NA,NA,NA,0,0,"health food store",9,"5994ce3dc825cf0001d7dd2d","robot",1,NA,NA,NA
"10/20/22 11:23","10/20/22 11:24",0,100,48,1,"10/20/22 11:24","R_1LGS5W7RHiFSq8o",NA,NA,NA,NA,"anonymous","EN",NA,NA,1,10,10,"a health and wellness store",NA,"62fe34c166ae3fc3ec3db936","person",NA,NA,1,1
"10/20/22 11:23","10/20/22 11:24",0,100,98,1,"10/20/22 11:24","R_3DnzfNWs7TDg0as",NA,NA,NA,NA,"anonymous","EN",1,NA,NA,8,9,"wellness store ",9,"60e63a06acbec5f0fc85e71a","robot",1,NA,NA,NA
"10/20/22 11:23","10/20/22 11:24",0,100,113,1,"10/20/22 11:24","R_1pSzKECzDNNl9yd",NA,NA,NA,NA,"anonymous","EN",NA,1,NA,7,5,"coffee",9,"5e31dc7d16d4ec1c6bf8da23","robot",NA,1,NA,NA
"10/20/22 11:24","10/20/22 11:25",0,100,51,1,"10/20/22 11:25","R_1Mv6ln131dfh13X",NA,NA,NA,NA,"anonymous","EN",NA,NA,NA,6,6,"Health and wellness ",NA,"5f9b701704aa55229049cee0","person",NA,NA,1,1
"10/20/22 11:22","10/20/22 11:25",0,100,211,1,"10/20/22 11:25","R_3D0b9X86kzmIqDN",NA,NA,NA,NA,"anonymous","EN",1,NA,NA,8,9,"Health and Wellness Store",9,"62a1e94001b65f26e2263be1","robot",1,NA,NA,NA
"10/20/22 11:25","10/20/22 11:25",0,100,27,1,"10/20/22 11:25","R_1hzIXcaQiHFqptL",NA,NA,NA,NA,"anonymous","EN",NA,NA,1,10,10,"Health and Wellness store",NA,"5fbd96ac16525a1cdf4b52b0","person",NA,NA,1,1
"10/20/22 11:22","10/20/22 11:25",0,100,211,1,"10/20/22 11:25","R_1pDmY0QxmHCZ6NF",NA,NA,NA,NA,"anonymous","EN",NA,1,NA,2,3,"Health",9,"56f2a06ced0cf6000b9109fd","robot",NA,1,NA,NA
"10/20/22 11:24","10/20/22 11:26",0,100,90,1,"10/20/22 11:26","R_1Cf1vijRITME519",NA,NA,NA,NA,"anonymous","EN",1,NA,NA,6,7,"health",4,"5f47f49560be64128162a5f4","robot",1,NA,NA,NA
"10/20/22 11:24","10/20/22 11:26",0,100,131,1,"10/20/22 11:26","R_OHxnnfbMN5aaTbb",NA,NA,NA,NA,"anonymous","EN",NA,NA,NA,7,7,"Vitamin, health and wellness",8,"586935b7e16d530001b34787","robot",NA,1,NA,NA
"10/20/22 11:25","10/20/22 11:26",0,100,70,1,"10/20/22 11:26","R_2P8dynJ30Qw5IyN",NA,NA,NA,NA,"anonymous","EN",1,NA,NA,10,10,"Health and Wellness",10,"5d19ec7e1a4be7001a637893","robot",1,NA,NA,NA
"10/20/22 11:24","10/20/22 11:26",0,100,124,1,"10/20/22 11:26","R_24uZjuOiSqJu4Q4",NA,NA,NA,NA,"anonymous","EN",NA,NA,NA,4,2,"Health ",8,"5eb080ccaf87d11143472477","robot",1,NA,NA,NA
"10/20/22 11:25","10/20/22 11:26",0,100,42,1,"10/20/22 11:26","R_1K73NqsUDh8XvNO",NA,NA,NA,NA,"anonymous","EN",NA,NA,1,4,4,"Health and wellness store",NA,"558ffe16fdf99b3f7aada34d","person",NA,NA,1,1
"10/20/22 11:24","10/20/22 11:26",0,100,112,1,"10/20/22 11:26","R_Tcs6Rl0i7ZjrvDr",NA,NA,NA,NA,"anonymous","EN",NA,NA,NA,4,4,"Health/wellness ",3,"5fa0adf677c87511c18c2475","robot",NA,1,NA,NA
"10/20/22 11:24","10/20/22 11:27",0,100,144,1,"10/20/22 11:27","R_OlGGlEeqnrcl9ER",NA,NA,NA,NA,"anonymous","EN",NA,NA,NA,3,4,"wellness/health food",6,"5eb6b8ee9351615bd9d99fde","robot",NA,1,NA,NA
"10/20/22 11:25","10/20/22 11:27",0,100,112,1,"10/20/22 11:27","R_1eENqhDBhaCtIcH",NA,NA,NA,NA,"anonymous","EN",NA,NA,NA,9,9,"health and wellness store",NA,"6119b49f27559993be13f40b","person",NA,NA,1,1
"10/20/22 11:26","10/20/22 11:27",0,100,51,1,"10/20/22 11:27","R_3frvjVFLBRFAWXP",NA,NA,NA,NA,"anonymous","EN",1,NA,NA,6,7,"Health and wellness ",6,"5d464588da9cb60015aa454e","robot",1,NA,NA,NA
"10/20/22 11:25","10/20/22 11:27",0,100,110,1,"10/20/22 11:27","R_2Ui8v8mX7IywMx5",NA,NA,NA,NA,"anonymous","EN",NA,NA,NA,6,3,"health and wellness store",4,"61005846cbe173e04d3ad69d","robot",1,NA,NA,NA
"10/20/22 11:26","10/20/22 11:27",0,100,72,1,"10/20/22 11:27","R_OiMFjsefrX7aj97",NA,NA,NA,NA,"anonymous","EN",NA,NA,1,7,8,"health and wellness",NA,"5cb128db0d14d3001838eef5","person",NA,NA,1,1
"10/20/22 11:25","10/20/22 11:27",0,100,131,1,"10/20/22 11:27","R_pQRjJUDkHEQVa8N",NA,NA,NA,NA,"anonymous","EN",NA,1,NA,2,2,"health and wellness",7,"60fd0444de0b114bfe3440d5","robot",NA,1,NA,NA
"10/20/22 11:25","10/20/22 11:27",0,100,128,1,"10/20/22 11:27","R_UX9bAojPQSNbOCd",NA,NA,NA,NA,"anonymous","EN",NA,1,NA,9,10,"Health store",10,"62e7f798dcd4c1db5abbc023","robot",NA,1,NA,NA
"10/20/22 11:27","10/20/22 11:28",0,100,63,1,"10/20/22 11:28","R_2498cz4uv2ksssE",NA,NA,NA,NA,"anonymous","EN",NA,NA,NA,10,10,"A yoga and health store",NA,"558a035bfdf99b2d75651378","person",NA,NA,1,1
"10/20/22 11:23","10/20/22 11:28",0,100,291,1,"10/20/22 11:28","R_1Hctw3ym9Me0MF6",NA,NA,NA,NA,"anonymous","EN",NA,1,NA,9,9,"A health and wellness store selling vitamins and supplements.",8,"59ff81fd5d06850001afeeab","robot",NA,1,NA,NA
"10/20/22 11:25","10/20/22 11:28",0,100,183,1,"10/20/22 11:28","R_82iQ5f0NokoohHj",NA,NA,NA,NA,"anonymous","EN",1,NA,NA,5,5,"pharmacy",6,"62ac8d659c88fde55ead0662","robot",1,NA,NA,NA
"10/20/22 11:27","10/20/22 11:28",0,100,25,1,"10/20/22 11:28","R_3DnIjmZcLOQH4Ef",NA,NA,NA,NA,"anonymous","EN",NA,NA,NA,10,10,"Health and Wellness",NA,"60feba907cda681c2cf6cb07","person",NA,NA,1,1
"10/20/22 11:26","10/20/22 11:28",0,100,133,1,"10/20/22 11:28","R_20ZNeBmHtUqMTAC",NA,NA,NA,NA,"anonymous","EN",NA,NA,NA,2,2,"A health store",7,"614f7ad0514948b4efe25e13","robot",NA,1,NA,NA
"10/20/22 11:27","10/20/22 11:29",0,100,90,1,"10/20/22 11:29","R_2xXnIMiblDDgm7I",NA,NA,NA,NA,"anonymous","EN",NA,NA,NA,3,6,"health/wellness",10,"5e84c49534d5d90891d74dc6","robot",1,NA,NA,NA
"10/20/22 11:27","10/20/22 11:29",0,100,171,1,"10/20/22 11:29","R_1fg8t9x9XsZQ2id",NA,NA,NA,NA,"anonymous","EN",1,NA,NA,0,0,"grocery",7,"5c4c7a1a9446be00017e6b4a","robot",1,NA,NA,NA
"10/20/22 11:25","10/20/22 11:30",0,100,266,1,"10/20/22 11:30","R_2q4PXZyeICvTkEa",NA,NA,NA,NA,"anonymous","EN",NA,1,NA,8,6,"health store",4,"617078fb6641a57cb762a401","robot",NA,1,NA,NA
"10/20/22 11:30","10/20/22 11:32",0,100,105,1,"10/20/22 11:32","R_2b0DLcHOijXZqnQ",NA,NA,NA,NA,"anonymous","EN",NA,1,NA,5,6,"health and wellness",10,"628dfaf2fdd97303f3087572","robot",NA,1,NA,NA
"10/20/22 11:31","10/20/22 11:32",0,100,30,1,"10/20/22 11:32","R_rqGxQH6ISPQtt6x",NA,NA,NA,NA,"anonymous","EN",NA,NA,NA,7,8,"Health and wellness store",NA,"6107acfe97c63575a2344e36","person",NA,NA,1,1
"10/20/22 11:31","10/20/22 11:32",0,100,85,1,"10/20/22 11:32","R_21iCVG1GgGChNyQ",NA,NA,NA,NA,"anonymous","EN",NA,NA,NA,5,6,"Wellness (vitamins, etc)",7,"611c2569a165706dc3404885","robot",1,NA,NA,NA
"10/20/22 11:30","10/20/22 11:34",0,100,205,1,"10/20/22 11:34","R_3hcKYZ2VnCCvCop",NA,NA,NA,NA,"anonymous","EN",NA,1,NA,3,5,"A health and wellness store",3,"5f8a1fcf2773900d456a3e70","robot",NA,1,NA,NA
