"StartDate","EndDate","Status","IPAddress","Progress","Duration..in.seconds.","Finished","RecordedDate","ResponseId","RecipientLastName","RecipientFirstName","RecipientEmail","ExternalReference","LocationLatitude","LocationLongitude","DistributionChannel","UserLanguage","roNu","roMa","huNu","huMa","comfort_1","likely_1","check","exclude","easy_1","PROLIFIC_PID","condition","FL_36_DO_robots","FL_36_DO_humans","roMa.1","roNu.1","robots_DO_Q104","huNu.1","huMa.1"
"10/17/22 16:36","10/17/22 16:36",0,"Anonymized",100,34,1,"10/17/22 16:36","R_3R3KE5XqA1bPkof",NA,NA,NA,NA,"Anonymized","Anonymized","anonymous","EN",NA,NA,NA,NA,5,5,"Front Desk",1,NA,"5bb91c132e2fe50001be0d08","person",NA,1,NA,NA,NA,NA,1
"10/17/22 16:35","10/17/22 16:36",0,"Anonymized",100,85,1,"10/17/22 16:36","R_332MVQ6BurTCHd1",NA,NA,NA,NA,"Anonymized","Anonymized","anonymous","EN",NA,1,NA,NA,2,2,"hospital",1,3,"5ee7c65630668708f3ae178e","robot",1,NA,2,NA,1,NA,NA
"10/17/22 16:47","10/17/22 16:49",0,"Anonymized",100,100,1,"10/17/22 16:49","R_Dd6ETxBFHWAeGJz",NA,NA,NA,NA,"Anonymized","Anonymized","anonymous","EN",NA,NA,NA,NA,6,4,"I dont know",1,3,"61076cf1fb9def06082c7c51","robot",1,NA,2,NA,1,NA,NA
"10/17/22 16:51","10/17/22 16:52",0,"Anonymized",100,56,1,"10/17/22 16:52","R_2wboj19PBOcwMJE",NA,NA,NA,NA,"Anonymized","Anonymized","anonymous","EN",NA,NA,1,NA,5,5,"It didn't say.",1,NA,"5f9b58e0c568de202e7db34f","person",NA,1,NA,NA,NA,1,NA
"10/17/22 16:57","10/17/22 16:58",0,"Anonymized",100,38,1,"10/17/22 16:58","R_1kT95IkmMfD8Aos",NA,NA,NA,NA,"Anonymized","Anonymized","anonymous","EN",1,NA,NA,NA,1,3,"dOCTOR",1,2,"606ce950bef1f305c877048d","robot",1,NA,NA,2,1,NA,NA
"10/17/22 16:58","10/17/22 16:58",0,"Anonymized",100,37,1,"10/17/22 16:58","R_1g6K32YNcen4cbI",NA,NA,NA,NA,"Anonymized","Anonymized","anonymous","EN",NA,NA,NA,1,9,5,"Employed at hospital",1,NA,"5febb30450a719c947d89794","person",NA,1,NA,NA,NA,NA,1
"10/17/22 16:55","10/17/22 16:59",0,"Anonymized",100,229,1,"10/17/22 16:59","R_1H7TSZWRAUekGRa",NA,NA,NA,NA,"Anonymized","Anonymized","anonymous","EN",NA,1,NA,NA,3,0,"",1,4,"63175cc14464be53aad435f2","robot",1,NA,2,NA,1,NA,NA
"10/17/22 16:58","10/17/22 16:59",0,"Anonymized",100,76,1,"10/17/22 16:59","R_3CZVk0MDUBQg9PO",NA,NA,NA,NA,"Anonymized","Anonymized","anonymous","EN",NA,1,NA,NA,4,3,"can't remember",1,8,"5f2a13417b4ac51dc95d38c1","robot",1,NA,2,NA,1,NA,NA
"10/17/22 17:01","10/17/22 17:03",0,"Anonymized",100,98,1,"10/17/22 17:03","R_115wZogwyBhX6qT",NA,NA,NA,NA,"Anonymized","Anonymized","anonymous","EN",NA,1,NA,NA,2,1,"working at a hospital",1,7,"5cabcfb2bf53e10001fa48ad","robot",1,NA,2,NA,1,NA,NA
"10/17/22 17:00","10/17/22 17:05",0,"Anonymized",100,286,1,"10/17/22 17:05","R_Bycxst6qJATyY1P",NA,NA,NA,NA,"Anonymized","Anonymized","anonymous","EN",1,NA,NA,NA,3,2,"",1,8,"631e51b7febc5f7cae21c1c3","robot",1,NA,NA,2,1,NA,NA
"10/17/22 17:06","10/17/22 17:07",0,"Anonymized",100,28,1,"10/17/22 17:07","R_2q9tVI5F1cdA8Tf",NA,NA,NA,NA,"Anonymized","Anonymized","anonymous","EN",NA,NA,NA,1,9,8,"X Ray Machine Doctor ",1,NA,"60c0e96d6e03fb74043010e0","person",NA,1,NA,NA,NA,NA,1
"10/17/22 17:06","10/17/22 17:07",0,"Anonymized",100,53,1,"10/17/22 17:07","R_1mU7HtP1YZTmCWR",NA,NA,NA,NA,"Anonymized","Anonymized","anonymous","EN",NA,1,NA,NA,6,3,"about the same as a human",1,7,"60fdda6e481b5fb2a63b5e82","robot",1,NA,2,NA,1,NA,NA
"10/17/22 17:13","10/17/22 17:15",0,"Anonymized",100,155,1,"10/17/22 17:15","R_3m493SA03svxQ4T",NA,NA,NA,NA,"Anonymized","Anonymized","anonymous","EN",1,NA,NA,NA,8,10,"A hospital worker",1,7,"60b5de64071568319511deff","robot",1,NA,NA,2,1,NA,NA
"10/17/22 17:15","10/17/22 17:16",0,"Anonymized",100,36,1,"10/17/22 17:16","R_tJtgXFPULHWvPb3",NA,NA,NA,NA,"Anonymized","Anonymized","anonymous","EN",NA,NA,NA,1,10,5,"Do not recall",1,NA,"5ade6f4709eae2000112e9e2","person",NA,1,NA,NA,NA,NA,1
"10/17/22 17:16","10/17/22 17:17",0,"Anonymized",100,99,1,"10/17/22 17:17","R_22rbVcE8AdMrLnD",NA,NA,NA,NA,"Anonymized","Anonymized","anonymous","EN",NA,NA,NA,NA,6,4,"Surgery",1,1,"62feb7a7ed780171f3d22c25","robot",1,NA,2,NA,1,NA,NA
"10/17/22 17:17","10/17/22 17:17",0,"Anonymized",100,28,1,"10/17/22 17:17","R_3niwuZJY7Jb0jRs",NA,NA,NA,NA,"Anonymized","Anonymized","anonymous","EN",NA,NA,NA,1,8,8,"Perform scans, etc",1,NA,"586d3755a205a90001e7ea44","person",NA,1,NA,NA,NA,NA,1
"10/17/22 17:17","10/17/22 17:18",0,"Anonymized",100,67,1,"10/17/22 17:18","R_1ovxB7IXXjRkswc",NA,NA,NA,NA,"Anonymized","Anonymized","anonymous","EN",NA,NA,NA,1,8,8,"they took xrays/mris",1,NA,"611c566a4412b71fd8fb5e20","person",NA,1,NA,NA,NA,NA,1
"10/17/22 17:16","10/17/22 17:18",0,"Anonymized",100,117,1,"10/17/22 17:18","R_3FIlpoJDJqqb8Jn",NA,NA,NA,NA,"Anonymized","Anonymized","anonymous","EN",NA,NA,NA,NA,1,1,"hospital job",1,3,"568e7144e3ef9e000da20149","robot",1,NA,NA,2,1,NA,NA
"10/17/22 17:17","10/17/22 17:18",0,"Anonymized",100,78,1,"10/17/22 17:18","R_2CWxSnqVsmnVxd4",NA,NA,NA,NA,"Anonymized","Anonymized","anonymous","EN",NA,1,NA,NA,6,7,"act like a doctor",1,7,"6113d03af56e2fad3fd97e85","robot",1,NA,2,NA,1,NA,NA
"10/17/22 17:20","10/17/22 17:21",0,"Anonymized",100,77,1,"10/17/22 17:21","R_4PDBFOHn3jUVZ3X",NA,NA,NA,NA,"Anonymized","Anonymized","anonymous","EN",NA,NA,NA,NA,10,5,"Works at the hospital directly with patients",1,NA,"6015d4900be39370f926ec22","person",NA,1,NA,NA,NA,1,NA
"10/17/22 17:22","10/17/22 17:23",0,"Anonymized",100,95,1,"10/17/22 17:23","R_2YFcgYNTLuxQt7O",NA,NA,NA,NA,"Anonymized","Anonymized","anonymous","EN",1,NA,NA,NA,0,0,"ASSISTENT",1,0,"60feef94fa8ce545b5ebb074","robot",1,NA,NA,2,1,NA,NA
"10/17/22 17:37","10/17/22 17:37",0,"Anonymized",100,20,1,"10/17/22 17:37","R_1kS2bV8vD0DXZNh",NA,NA,NA,NA,"Anonymized","Anonymized","anonymous","EN",NA,NA,1,NA,9,9,"Capable",1,NA,"5b0967ff1c95000001fcb6ce","person",NA,1,NA,NA,NA,1,NA
"10/17/22 17:37","10/17/22 17:38",0,"Anonymized",100,59,1,"10/17/22 17:38","R_2zToj540slHGAe7",NA,NA,NA,NA,"Anonymized","Anonymized","anonymous","EN",NA,1,NA,NA,2,2,"Hospital employee ",1,7,"606b33bfd27b99ef6254a67d","robot",1,NA,2,NA,1,NA,NA
"10/17/22 17:41","10/17/22 17:42",0,"Anonymized",100,46,1,"10/17/22 17:42","R_39Oe1TdDqElBqkp",NA,NA,NA,NA,"Anonymized","Anonymized","anonymous","EN",NA,NA,NA,NA,6,5,"I don't remember",1,NA,"600319e3a3b1a337cab57a3e","person",NA,1,NA,NA,NA,1,NA
"10/17/22 17:40","10/17/22 17:42",0,"Anonymized",100,93,1,"10/17/22 17:42","R_1rcwIxMn3YkLHSx",NA,NA,NA,NA,"Anonymized","Anonymized","anonymous","EN",1,NA,NA,NA,8,8,"The same as a person",1,10,"5de2b1568f5cd52ecc1b14b8","robot",1,NA,NA,2,1,NA,NA
"10/17/22 17:45","10/17/22 17:46",0,"Anonymized",100,27,1,"10/17/22 17:46","R_22mDI0bLaaZzZKY",NA,NA,NA,NA,"Anonymized","Anonymized","anonymous","EN",NA,NA,1,NA,10,10,"to greet people ",1,NA,"5db4a409d27e05000f0eaa00","person",NA,1,NA,NA,NA,1,NA
"10/17/22 17:43","10/17/22 17:46",0,"Anonymized",100,178,1,"10/17/22 17:46","R_z72E78P9rmA8mzL",NA,NA,NA,NA,"Anonymized","Anonymized","anonymous","EN",NA,NA,1,NA,10,7,"Works at the hospital ",1,NA,"5d6394518df2870001a74b42","person",NA,1,NA,NA,NA,1,NA
"10/17/22 17:46","10/17/22 17:50",0,"Anonymized",100,223,1,"10/17/22 17:50","R_270UTmLXzkknuoH",NA,NA,NA,NA,"Anonymized","Anonymized","anonymous","EN",NA,NA,NA,NA,7,7,"Hospital intake",1,3,"5cc22481f6ef910019e5120f","robot",1,NA,2,NA,1,NA,NA
"10/17/22 17:44","10/17/22 17:51",0,"Anonymized",100,389,1,"10/17/22 17:51","R_1QgVOQkJg8hRG2Q",NA,NA,NA,NA,"Anonymized","Anonymized","anonymous","EN",NA,1,NA,NA,2,1,"I can't remember.",1,1,"62dcc5dc8fcf471ec987e7cf","robot",1,NA,2,NA,1,NA,NA
"10/17/22 16:27","10/17/22 16:28",0,"Anonymized",100,24,1,"10/17/22 16:28","R_3oBXvynnIZ5aKgi",NA,NA,NA,NA,"Anonymized","Anonymized","anonymous","EN",NA,NA,NA,1,8,8,"x-rays",0,NA,"60849315ee37a72c9eee269f","person",NA,1,NA,NA,NA,NA,1
"10/17/22 16:28","10/17/22 16:29",0,"Anonymized",100,34,1,"10/17/22 16:29","R_3nVgshccUp4fp7m",NA,NA,NA,NA,"Anonymized","Anonymized","anonymous","EN",NA,NA,NA,NA,5,5,"nurse",0,NA,"5e9e0ebea6b90f1a3aeab717","person",NA,1,NA,NA,NA,1,NA
"10/17/22 16:31","10/17/22 16:32",0,"Anonymized",100,24,1,"10/17/22 16:32","R_3O2kfwPKOw0TCYd",NA,NA,NA,NA,"Anonymized","Anonymized","anonymous","EN",NA,NA,NA,1,5,5,"X-Ray technician",0,NA,"60fda1c1ea8a7ac21b668654","person",NA,1,NA,NA,NA,NA,1
"10/17/22 16:29","10/17/22 16:32",0,"Anonymized",100,203,1,"10/17/22 16:32","R_Y3SO3wSiJCx40p3",NA,NA,NA,NA,"Anonymized","Anonymized","anonymous","EN",NA,1,NA,NA,4,3,"Maintenance ",0,6,"5efaffccf90911000c95a3cb","robot",1,NA,2,NA,1,NA,NA
"10/17/22 16:39","10/17/22 16:41",0,"Anonymized",100,150,1,"10/17/22 16:41","R_3EhuXTY2Uj0j1bL",NA,NA,NA,NA,"Anonymized","Anonymized","anonymous","EN",NA,NA,NA,NA,4,4,"Nurse",0,3,"60eb857b5d9d956e6465ee3c","robot",1,NA,NA,2,1,NA,NA
"10/17/22 16:41","10/17/22 16:41",0,"Anonymized",100,26,1,"10/17/22 16:41","R_12Fl4DP9BW8qnil",NA,NA,NA,NA,"Anonymized","Anonymized","anonymous","EN",NA,NA,NA,1,9,9,"xray and mri",0,NA,"5f511ab38505ac2e8fbfac5e","person",NA,1,NA,NA,NA,NA,1
"10/17/22 16:40","10/17/22 16:42",0,"Anonymized",100,129,1,"10/17/22 16:42","R_3lS9cqm2CkOzZhd",NA,NA,NA,NA,"Anonymized","Anonymized","anonymous","EN",NA,1,NA,NA,3,2,"fix machines",0,6,"6110d7682e31df49ccb422a2","robot",1,NA,2,NA,1,NA,NA
"10/17/22 16:43","10/17/22 16:43",0,"Anonymized",100,33,1,"10/17/22 16:43","R_2Rb3kR8ELv4KVJw",NA,NA,NA,NA,"Anonymized","Anonymized","anonymous","EN",NA,NA,NA,1,6,6,"maintain MRI machine ",0,NA,"5eadbd0338533245d9586905","person",NA,1,NA,NA,NA,NA,1
"10/17/22 16:43","10/17/22 16:44",0,"Anonymized",100,89,1,"10/17/22 16:44","R_2s0vwdSTb2IJkdn",NA,NA,NA,NA,"Anonymized","Anonymized","anonymous","EN",1,NA,NA,NA,6,6,"Nurse",0,10,"616e5149b67e8686b9579457","robot",1,NA,NA,2,1,NA,NA
"10/17/22 16:44","10/17/22 16:45",0,"Anonymized",100,34,1,"10/17/22 16:45","R_268ycwbBIA4nhxr",NA,NA,NA,NA,"Anonymized","Anonymized","anonymous","EN",NA,NA,NA,NA,5,5,"Nurse",0,NA,"5fcc2ade9fd435a7167cf375","person",NA,1,NA,NA,NA,1,NA
"10/17/22 16:42","10/17/22 16:45",0,"Anonymized",100,157,1,"10/17/22 16:45","R_1ITtoDy1vFErw68",NA,NA,NA,NA,"Anonymized","Anonymized","anonymous","EN",NA,1,NA,NA,0,0,"Fixing medical equipment",0,3,"60fd01cc86bb3e402db85e93","robot",1,NA,2,NA,1,NA,NA
"10/17/22 16:45","10/17/22 16:46",0,"Anonymized",100,40,1,"10/17/22 16:46","R_1KrwWS8sTi6QVFK",NA,NA,NA,NA,"Anonymized","Anonymized","anonymous","EN",NA,NA,1,NA,7,7,"Nurse",0,NA,"62e1ce78f3baa9e8ae1acfdf","person",NA,1,NA,NA,NA,1,NA
"10/17/22 16:45","10/17/22 16:47",0,"Anonymized",100,125,1,"10/17/22 16:47","R_2QE6PjOr679PLKT",NA,NA,NA,NA,"Anonymized","Anonymized","anonymous","EN",NA,NA,NA,NA,3,3,"maintaining and fixing medical machinery",0,4,"612819f86ec9a09cbe473621","robot",1,NA,2,NA,1,NA,NA
"10/17/22 16:47","10/17/22 16:47",0,"Anonymized",100,25,1,"10/17/22 16:47","R_zYcLWoDh1kge56F",NA,NA,NA,NA,"Anonymized","Anonymized","anonymous","EN",NA,NA,NA,NA,8,8,"x ray technician",0,NA,"558991a1fdf99b7ae47f5e17","person",NA,1,NA,NA,NA,NA,1
"10/17/22 16:46","10/17/22 16:47",0,"Anonymized",100,85,1,"10/17/22 16:47","R_74yx7D8eIuszUIh",NA,NA,NA,NA,"Anonymized","Anonymized","anonymous","EN",NA,NA,NA,NA,0,0,"nurse",0,5,"61006f174b5aabf905131ae1","robot",1,NA,NA,2,1,NA,NA
"10/17/22 16:48","10/17/22 16:50",0,"Anonymized",100,92,1,"10/17/22 16:50","R_3iwlGhpdC53pBnE",NA,NA,NA,NA,"Anonymized","Anonymized","anonymous","EN",1,NA,NA,NA,3,3,"Nurse",0,6,"62bf08d7c034d62ef37446c5","robot",1,NA,NA,2,1,NA,NA
"10/17/22 16:51","10/17/22 16:51",0,"Anonymized",100,16,1,"10/17/22 16:51","R_1ghH0KUFCbxS5uW",NA,NA,NA,NA,"Anonymized","Anonymized","anonymous","EN",NA,NA,1,NA,10,10,"Nurse",0,NA,"628695630a79f5750c7bbbc9","person",NA,1,NA,NA,NA,1,NA
"10/17/22 16:51","10/17/22 16:52",0,"Anonymized",100,88,1,"10/17/22 16:52","R_C45QQrmEiboQGo9",NA,NA,NA,NA,"Anonymized","Anonymized","anonymous","EN",1,NA,NA,NA,5,7,"Nurse",0,8,"631745e629b21fca01e626d0","robot",1,NA,NA,2,1,NA,NA
"10/17/22 16:52","10/17/22 16:53",0,"Anonymized",100,20,1,"10/17/22 16:53","R_43jsVa7KmpOZoPL",NA,NA,NA,NA,"Anonymized","Anonymized","anonymous","EN",NA,NA,NA,NA,6,5,"nurse",0,NA,"6335f7d7dad0ae03e9a2509a","person",NA,1,NA,NA,NA,1,NA
"10/17/22 16:51","10/17/22 16:53",0,"Anonymized",100,130,1,"10/17/22 16:53","R_2Sozge8S14z6QPj",NA,NA,NA,NA,"Anonymized","Anonymized","anonymous","EN",NA,NA,NA,NA,1,2,"Fixing machines",0,10,"60fce861ff1729d65780f19c","robot",1,NA,2,NA,1,NA,NA
"10/17/22 16:54","10/17/22 16:54",0,"Anonymized",100,39,1,"10/17/22 16:54","R_WjH1Ug8bKOjqd8Z",NA,NA,NA,NA,"Anonymized","Anonymized","anonymous","EN",NA,NA,NA,NA,10,5,"Maintaining machines for x-rays",0,NA,"608accf9beae70918882a264","person",NA,1,NA,NA,NA,NA,1
"10/17/22 16:54","10/17/22 16:55",0,"Anonymized",100,31,1,"10/17/22 16:55","R_9GKaXFgXu0htvZn",NA,NA,NA,NA,"Anonymized","Anonymized","anonymous","EN",NA,NA,NA,NA,8,6,"Nurse",0,NA,"61588f27299f923d579de650","person",NA,1,NA,NA,NA,1,NA
"10/17/22 16:54","10/17/22 16:55",0,"Anonymized",100,30,1,"10/17/22 16:55","R_3Jzp0HVTIlZ0vYo",NA,NA,NA,NA,"Anonymized","Anonymized","anonymous","EN",NA,NA,1,NA,10,5,"Nurse",0,NA,"6124edb0f97c57e946a19306","person",NA,1,NA,NA,NA,1,NA
"10/17/22 16:54","10/17/22 16:55",0,"Anonymized",100,37,1,"10/17/22 16:55","R_1CyzrONIxCdhhw8",NA,NA,NA,NA,"Anonymized","Anonymized","anonymous","EN",NA,NA,NA,1,8,8,"Fixed medical machines likes ultrasounds.",0,NA,"5b6bacf00afa6f000107210f","person",NA,1,NA,NA,NA,NA,1
"10/17/22 16:54","10/17/22 16:57",0,"Anonymized",100,154,1,"10/17/22 16:57","R_2qkNfq2oBYpIUAP",NA,NA,NA,NA,"Anonymized","Anonymized","anonymous","EN",1,NA,NA,NA,3,4,"Nurse",0,7,"630e0e5d10c418991ce50062","robot",1,NA,NA,2,1,NA,NA
"10/17/22 16:56","10/17/22 16:57",0,"Anonymized",100,71,1,"10/17/22 16:57","R_BDhiQF3im35dst3",NA,NA,NA,NA,"Anonymized","Anonymized","anonymous","EN",NA,NA,1,NA,8,6,"nursing",0,NA,"60db78d2f886949f58249536","person",NA,1,NA,NA,NA,1,NA
"10/17/22 16:57","10/17/22 16:57",0,"Anonymized",100,29,1,"10/17/22 16:57","R_3KSZ7paHlJfYrM4",NA,NA,NA,NA,"Anonymized","Anonymized","anonymous","EN",NA,NA,NA,NA,10,10,"nurse providing comfort ",0,NA,"5588b9e5fdf99b7f40e7f428","person",NA,1,NA,NA,NA,1,NA
"10/17/22 16:55","10/17/22 16:57",0,"Anonymized",100,123,1,"10/17/22 16:57","R_3qds6hvkGjHxkLN",NA,NA,NA,NA,"Anonymized","Anonymized","anonymous","EN",NA,NA,NA,NA,3,3,"Nurse",0,6,"5dc2cbba034b451e7bd05f14","robot",1,NA,NA,2,1,NA,NA
"10/17/22 16:57","10/17/22 16:57",0,"Anonymized",100,27,1,"10/17/22 16:57","R_1gIr40YFAE2erpG",NA,NA,NA,NA,"Anonymized","Anonymized","anonymous","EN",NA,NA,1,NA,8,7,"Nurse",0,NA,"5d37e5a13cedb4001aafed7a","person",NA,1,NA,NA,NA,1,NA
"10/17/22 16:56","10/17/22 16:57",0,"Anonymized",100,74,1,"10/17/22 16:57","R_1DTD7J6TMyB2vuV",NA,NA,NA,NA,"Anonymized","Anonymized","anonymous","EN",NA,NA,NA,1,8,8,"Repair machines",0,NA,"565bff58c121fe0005fc390d","person",NA,1,NA,NA,NA,NA,1
"10/17/22 16:57","10/17/22 16:57",0,"Anonymized",100,40,1,"10/17/22 16:57","R_22V6sGRw0IewUeE",NA,NA,NA,NA,"Anonymized","Anonymized","anonymous","EN",NA,NA,NA,1,7,7,"fix xray machines",0,NA,"6088acc5decc809dbe82850b","person",NA,1,NA,NA,NA,NA,1
"10/17/22 16:57","10/17/22 16:58",0,"Anonymized",100,40,1,"10/17/22 16:58","R_2wTWcJpPMCTD81r",NA,NA,NA,NA,"Anonymized","Anonymized","anonymous","EN",NA,NA,1,NA,8,7,"physical and mental care",0,NA,"6110e96d5defddb4f3774be2","person",NA,1,NA,NA,NA,1,NA
"10/17/22 16:56","10/17/22 16:58",0,"Anonymized",100,116,1,"10/17/22 16:58","R_eV4XtgAHnQoiFK9",NA,NA,NA,NA,"Anonymized","Anonymized","anonymous","EN",NA,1,NA,NA,3,3,"fiximg medical equipment",0,7,"5d7431a92a3f0f001a0e4341","robot",1,NA,2,NA,1,NA,NA
"10/17/22 16:55","10/17/22 16:58",0,"Anonymized",100,171,1,"10/17/22 16:58","R_2aIG6wOPBLILB4N",NA,NA,NA,NA,"Anonymized","Anonymized","anonymous","EN",NA,NA,NA,NA,6,7,"Fixing medical equipment like x-ray and MRI's",0,2,"632259eb84f23e6068fcf518","robot",1,NA,2,NA,1,NA,NA
"10/17/22 16:57","10/17/22 16:58",0,"Anonymized",100,77,1,"10/17/22 16:58","R_1ln6LjNKcMXaiL4",NA,NA,NA,NA,"Anonymized","Anonymized","anonymous","EN",NA,NA,NA,NA,6,6,"Nursing",0,6,"6290e9216c8b8a36d9ac92cb","robot",1,NA,NA,2,1,NA,NA
"10/17/22 16:57","10/17/22 16:59",0,"Anonymized",100,134,1,"10/17/22 16:59","R_3ika7dbVHhOldDH",NA,NA,NA,NA,"Anonymized","Anonymized","anonymous","EN",NA,NA,NA,NA,7,8,"Fixed complex machinery like MRI and X-ray machines.",0,10,"633c77de9a3b9ca5fa6e7096","robot",1,NA,2,NA,1,NA,NA
"10/17/22 16:58","10/17/22 16:59",0,"Anonymized",100,34,1,"10/17/22 16:59","R_10PDvol23p4yYcs",NA,NA,NA,NA,"Anonymized","Anonymized","anonymous","EN",NA,NA,1,NA,8,6,"Nurse",0,NA,"5f356e8b725d18529807d33c","person",NA,1,NA,NA,NA,1,NA
"10/17/22 16:58","10/17/22 16:59",0,"Anonymized",100,56,1,"10/17/22 16:59","R_247c6cGRU6qGLKu",NA,NA,NA,NA,"Anonymized","Anonymized","anonymous","EN",1,NA,NA,NA,1,1,"Nurse",0,2,"5d487f57a1cf350016cb3c76","robot",1,NA,NA,2,1,NA,NA
"10/17/22 16:58","10/17/22 17:00",0,"Anonymized",100,95,1,"10/17/22 17:00","R_1pKinUuJTRuyRir",NA,NA,NA,NA,"Anonymized","Anonymized","anonymous","EN",1,NA,NA,NA,8,8,"nurse",0,9,"60fcb846e939e5bebc60dd8c","robot",1,NA,NA,2,1,NA,NA
"10/17/22 16:58","10/17/22 17:00",0,"Anonymized",100,105,1,"10/17/22 17:00","R_5nF26cQSnxcepd7",NA,NA,NA,NA,"Anonymized","Anonymized","anonymous","EN",NA,NA,NA,NA,10,7,"nurse",0,NA,"623a2e42546a236f010f14db","person",NA,1,NA,NA,NA,1,NA
"10/17/22 16:58","10/17/22 17:00",0,"Anonymized",100,142,1,"10/17/22 17:00","R_3KAOH4BDNtv46VU",NA,NA,NA,NA,"Anonymized","Anonymized","anonymous","EN",NA,1,NA,NA,6,5,"repairing medical devices",0,10,"5a08ddd0df3fa800015c36ac","robot",1,NA,2,NA,1,NA,NA
"10/17/22 17:00","10/17/22 17:00",0,"Anonymized",100,43,1,"10/17/22 17:00","R_2t3uMsI6HwqjoHx",NA,NA,NA,NA,"Anonymized","Anonymized","anonymous","EN",NA,NA,NA,NA,10,5,"Fixed and maintained equipment at a hospital",0,NA,"61623ad84830ba2dc69f7472","person",NA,1,NA,NA,NA,NA,1
"10/17/22 17:00","10/17/22 17:00",0,"Anonymized",100,33,1,"10/17/22 17:00","R_3PjnRINLNAEAMmw",NA,NA,NA,NA,"Anonymized","Anonymized","anonymous","EN",NA,NA,NA,1,10,10,"X ray ",0,NA,"5923075977692a0001331e7b","person",NA,1,NA,NA,NA,NA,1
"10/17/22 16:59","10/17/22 17:01",0,"Anonymized",100,124,1,"10/17/22 17:01","R_3p4EjOiKIRgBpaD",NA,NA,NA,NA,"Anonymized","Anonymized","anonymous","EN",NA,1,NA,NA,1,1,"Nursing tasks mostly involving machines",0,4,"62db795b4a113cbafab4a4ce","robot",1,NA,2,NA,1,NA,NA
"10/17/22 17:01","10/17/22 17:01",0,"Anonymized",100,25,1,"10/17/22 17:01","R_23Tzvlp1Gl7dqvn",NA,NA,NA,NA,"Anonymized","Anonymized","anonymous","EN",NA,NA,NA,1,10,5,"MRI & X-ray tech",0,NA,"6106bad588d258f0bdce42c9","person",NA,1,NA,NA,NA,NA,1
"10/17/22 16:59","10/17/22 17:01",0,"Anonymized",100,143,1,"10/17/22 17:01","R_3GkY3zJHlPG3hP4",NA,NA,NA,NA,"Anonymized","Anonymized","anonymous","EN",NA,1,NA,NA,6,6,"Fixed equipment ",0,7,"628fb1691d85e1d9b9fbca18","robot",1,NA,2,NA,1,NA,NA
"10/17/22 17:02","10/17/22 17:02",0,"Anonymized",100,21,1,"10/17/22 17:02","R_12KcrMbjO17PYP4",NA,NA,NA,NA,"Anonymized","Anonymized","anonymous","EN",NA,NA,NA,NA,8,7,"A nurse",0,NA,"5565e1e0fdf99b5a0e22d11a","person",NA,1,NA,NA,NA,1,NA
"10/17/22 17:01","10/17/22 17:02",0,"Anonymized",100,115,1,"10/17/22 17:02","R_1rq9q34A0SDjj0l",NA,NA,NA,NA,"Anonymized","Anonymized","anonymous","EN",1,NA,NA,NA,7,8,"nurse",0,8,"5bea832a4fbb6f00017ea3e9","robot",1,NA,NA,2,1,NA,NA
"10/17/22 17:01","10/17/22 17:03",0,"Anonymized",100,87,1,"10/17/22 17:03","R_2fe1tOTdxYErEAV",NA,NA,NA,NA,"Anonymized","Anonymized","anonymous","EN",NA,NA,NA,NA,9,9,"X-ray mri maintenance ",0,NA,"631b91e1f2191358cb57f44e","person",NA,1,NA,NA,NA,NA,1
"10/17/22 17:03","10/17/22 17:03",0,"Anonymized",100,28,1,"10/17/22 17:03","R_22lgqjD97QASPA0",NA,NA,NA,NA,"Anonymized","Anonymized","anonymous","EN",NA,NA,NA,1,6,4,"managed x-ray equipment",0,NA,"60b8c971290b0840ba054993","person",NA,1,NA,NA,NA,NA,1
"10/17/22 17:03","10/17/22 17:03",0,"Anonymized",100,12,1,"10/17/22 17:03","R_1QGhiz7fePvW89p",NA,NA,NA,NA,"Anonymized","Anonymized","anonymous","EN",NA,NA,NA,1,8,7,"Nurse",0,NA,"60973c3abc6dc8af9c5ca29a","person",NA,1,NA,NA,NA,NA,1
"10/17/22 17:03","10/17/22 17:03",0,"Anonymized",100,43,1,"10/17/22 17:03","R_3Gy0azPnLrgviuu",NA,NA,NA,NA,"Anonymized","Anonymized","anonymous","EN",NA,NA,1,NA,5,5,"Nurse",0,NA,"62e1cee18f3b1169ea1bda3f","person",NA,1,NA,NA,NA,1,NA
"10/17/22 17:02","10/17/22 17:04",0,"Anonymized",100,101,1,"10/17/22 17:04","R_2y7M1lT9b5ShCVU",NA,NA,NA,NA,"Anonymized","Anonymized","anonymous","EN",1,NA,NA,NA,10,0,"nurse",0,2,"60b7a7dfc5a1bd9918264eb1","robot",1,NA,NA,2,1,NA,NA
"10/17/22 17:02","10/17/22 17:04",0,"Anonymized",100,120,1,"10/17/22 17:04","R_6JAXdQ6n85OWGDT",NA,NA,NA,NA,"Anonymized","Anonymized","anonymous","EN",NA,NA,NA,NA,9,5,"could repair machines",0,2,"5d93b788fdfe9d001c00c255","robot",1,NA,2,NA,1,NA,NA
"10/17/22 17:02","10/17/22 17:04",0,"Anonymized",100,113,1,"10/17/22 17:04","R_1P65SGzouzzvyzM",NA,NA,NA,NA,"Anonymized","Anonymized","anonymous","EN",NA,1,NA,NA,10,5,"fixing medical machines",0,7,"5ede22703409e1042973a050","robot",1,NA,2,NA,1,NA,NA
"10/17/22 17:02","10/17/22 17:04",0,"Anonymized",100,169,1,"10/17/22 17:04","R_12s8I1uTndV5CSN",NA,NA,NA,NA,"Anonymized","Anonymized","anonymous","EN",NA,NA,NA,1,10,10,"Repairs medical equipment ",0,NA,"5c46b35f904c420001274333","person",NA,1,NA,NA,NA,NA,1
"10/17/22 17:03","10/17/22 17:05",0,"Anonymized",100,87,1,"10/17/22 17:05","R_3s19fKIuZ85p6fF",NA,NA,NA,NA,"Anonymized","Anonymized","anonymous","EN",1,NA,NA,NA,4,3,"Providing physical and emotional care for patients.",0,9,"5b67a13bcf223500012168e3","robot",1,NA,NA,2,1,NA,NA
"10/17/22 17:04","10/17/22 17:05",0,"Anonymized",100,24,1,"10/17/22 17:05","R_XGKKCxhfjhQtRxT",NA,NA,NA,NA,"Anonymized","Anonymized","anonymous","EN",NA,NA,NA,NA,7,7,"xray",0,NA,"5ed67cbe121a540bac7cad09","person",NA,1,NA,NA,NA,NA,1
"10/17/22 17:04","10/17/22 17:05",0,"Anonymized",100,21,1,"10/17/22 17:05","R_2wzXekQ5H5OLPfm",NA,NA,NA,NA,"Anonymized","Anonymized","anonymous","EN",NA,NA,NA,NA,10,9,"Nurse",0,NA,"5d6285707d06c30019d19765","person",NA,1,NA,NA,NA,1,NA
"10/17/22 17:03","10/17/22 17:05",0,"Anonymized",100,106,1,"10/17/22 17:05","R_AHenfE3AAKgypot",NA,NA,NA,NA,"Anonymized","Anonymized","anonymous","EN",1,NA,NA,NA,3,4,"Nursing",0,10,"5cdda4f5feca320017f932c2","robot",1,NA,NA,2,1,NA,NA
"10/17/22 17:06","10/17/22 17:06",0,"Anonymized",100,24,1,"10/17/22 17:06","R_Xty552HponPMELL",NA,NA,NA,NA,"Anonymized","Anonymized","anonymous","EN",NA,NA,NA,NA,9,9,"x-ray machines",0,NA,"62eda5558d22fb31eba6a451","person",NA,1,NA,NA,NA,NA,1
"10/17/22 17:05","10/17/22 17:07",0,"Anonymized",100,132,1,"10/17/22 17:07","R_2q9jXQh6DJ5wO6M",NA,NA,NA,NA,"Anonymized","Anonymized","anonymous","EN",NA,1,NA,NA,8,8,"Fixing hospital machines",0,7,"62c5bc2f8a2f9e18f2ac0a13","robot",1,NA,2,NA,1,NA,NA
"10/17/22 17:06","10/17/22 17:07",0,"Anonymized",100,106,1,"10/17/22 17:07","R_12xaj2aQQh6jrTZ",NA,NA,NA,NA,"Anonymized","Anonymized","anonymous","EN",1,NA,NA,NA,3,2,"Nurse",0,6,"60feedfaf00a8094a9bda931","robot",1,NA,NA,2,1,NA,NA
"10/17/22 17:07","10/17/22 17:08",0,"Anonymized",100,35,1,"10/17/22 17:08","R_3Lj28gbiHToPYK9",NA,NA,NA,NA,"Anonymized","Anonymized","anonymous","EN",NA,NA,NA,NA,10,10,"fixed MRI and Xray machines",0,NA,"623a3d1b72cde1824ccbc6d1","person",NA,1,NA,NA,NA,NA,1
"10/17/22 17:06","10/17/22 17:08",0,"Anonymized",100,115,1,"10/17/22 17:08","R_3sBbYWHqoJcFl3f",NA,NA,NA,NA,"Anonymized","Anonymized","anonymous","EN",NA,NA,NA,NA,4,3,"fixing machines and equipment",0,9,"5e2861fb5c6297029148b635","robot",1,NA,2,NA,1,NA,NA
"10/17/22 17:07","10/17/22 17:08",0,"Anonymized",100,38,1,"10/17/22 17:08","R_3MRKnOYH0jwocYn",NA,NA,NA,NA,"Anonymized","Anonymized","anonymous","EN",NA,NA,1,NA,7,7,"Nurse ",0,NA,"60fe09d5f7c379f444c9a8d8","person",NA,1,NA,NA,NA,1,NA
"10/17/22 17:08","10/17/22 17:09",0,"Anonymized",100,24,1,"10/17/22 17:09","R_3nvCmRRM87tBav7",NA,NA,NA,NA,"Anonymized","Anonymized","anonymous","EN",NA,NA,NA,NA,8,8,"Maintaining and fixing machines",0,NA,"611c2569a165706dc3404885","person",NA,1,NA,NA,NA,NA,1
"10/17/22 17:08","10/17/22 17:09",0,"Anonymized",100,47,1,"10/17/22 17:09","R_bjsnTAZxKV7Yxzj",NA,NA,NA,NA,"Anonymized","Anonymized","anonymous","EN",NA,NA,NA,NA,8,8,"fixes medical machines such as x-ray and MRI machines",0,NA,"5dcf1f34da167d0705efa0a7","person",NA,1,NA,NA,NA,NA,1
"10/17/22 17:06","10/17/22 17:10",0,"Anonymized",100,193,1,"10/17/22 17:10","R_3Lj5UtmpjKOb8KL",NA,NA,NA,NA,"Anonymized","Anonymized","anonymous","EN",NA,NA,NA,NA,6,6,"Maintain hospital equipment ",0,4,"5dd6f85386c88669e5b7543e","robot",1,NA,2,NA,1,NA,NA
"10/17/22 17:09","10/17/22 17:10",0,"Anonymized",100,40,1,"10/17/22 17:10","R_AB7cLZcIVKWaBWh",NA,NA,NA,NA,"Anonymized","Anonymized","anonymous","EN",NA,NA,NA,1,10,10,"Working on medical equipment ",0,NA,"6110af22d84e8b4c36b2f254","person",NA,1,NA,NA,NA,NA,1
"10/17/22 17:09","10/17/22 17:10",0,"Anonymized",100,84,1,"10/17/22 17:10","R_1Q4TlVUqfCd6O7K",NA,NA,NA,NA,"Anonymized","Anonymized","anonymous","EN",NA,NA,NA,NA,2,2,"Nurse",0,5,"63164a245a9cabe728a0042a","robot",1,NA,NA,2,1,NA,NA
"10/17/22 17:08","10/17/22 17:10",0,"Anonymized",100,126,1,"10/17/22 17:10","R_pEltkaGUGZX1tzb",NA,NA,NA,NA,"Anonymized","Anonymized","anonymous","EN",1,NA,NA,NA,10,7,"Nurse",0,6,"61086072d72c21294fe77825","robot",1,NA,NA,2,1,NA,NA
"10/17/22 17:10","10/17/22 17:10",0,"Anonymized",100,23,1,"10/17/22 17:10","R_1IDUsvxCQ5KQvIo",NA,NA,NA,NA,"Anonymized","Anonymized","anonymous","EN",NA,NA,NA,NA,7,5,"Nurse",0,NA,"5ea3694d838a642e5790ec0a","person",NA,1,NA,NA,NA,1,NA
"10/17/22 17:11","10/17/22 17:11",0,"Anonymized",100,24,1,"10/17/22 17:11","R_3hF0MiEGFZnBCM7",NA,NA,NA,NA,"Anonymized","Anonymized","anonymous","EN",NA,NA,NA,NA,10,5,"nurse",0,NA,"615dd10c093014acf3c07cdf","person",NA,1,NA,NA,NA,1,NA
"10/17/22 17:10","10/17/22 17:11",0,"Anonymized",100,81,1,"10/17/22 17:11","R_2ErQ1ZBOdktiHO4",NA,NA,NA,NA,"Anonymized","Anonymized","anonymous","EN",NA,NA,1,NA,7,7,"a nurse who took care of physical and emotional maladies ",0,NA,"56997f9e25d9e9000cb09455","person",NA,1,NA,NA,NA,1,NA
"10/17/22 17:10","10/17/22 17:11",0,"Anonymized",100,89,1,"10/17/22 17:11","R_UR1TiTa870rheKZ",NA,NA,NA,NA,"Anonymized","Anonymized","anonymous","EN",NA,1,NA,NA,8,8,"Fix medical machines. ",0,8,"627426f35bbef15c65add1cd","robot",1,NA,2,NA,1,NA,NA
"10/17/22 17:07","10/17/22 17:11",0,"Anonymized",100,266,1,"10/17/22 17:11","R_1dLASigcI2hFl9c",NA,NA,NA,NA,"Anonymized","Anonymized","anonymous","EN",1,NA,NA,NA,6,5,"Nurse",0,10,"62a71eebc15351df4bddd9f8","robot",1,NA,NA,2,1,NA,NA
"10/17/22 17:11","10/17/22 17:12",0,"Anonymized",100,27,1,"10/17/22 17:12","R_suryZZldKCjUarv",NA,NA,NA,NA,"Anonymized","Anonymized","anonymous","EN",NA,NA,1,NA,8,5,"Nurse",0,NA,"5a2e19cca3a512000195866a","person",NA,1,NA,NA,NA,1,NA
"10/17/22 17:11","10/17/22 17:12",0,"Anonymized",100,32,1,"10/17/22 17:12","R_2wLyDHraKtBVYSd",NA,NA,NA,NA,"Anonymized","Anonymized","anonymous","EN",NA,NA,1,NA,10,10,"Nurse",0,NA,"62a782fdb1d4b2ae48d8e5be","person",NA,1,NA,NA,NA,1,NA
"10/17/22 17:11","10/17/22 17:12",0,"Anonymized",100,55,1,"10/17/22 17:12","R_cTLZOthImXy4tsB",NA,NA,NA,NA,"Anonymized","Anonymized","anonymous","EN",NA,NA,1,NA,7,7,"nurse that provides emotional and physical support",0,NA,"5b7f12c28e39df00016ad638","person",NA,1,NA,NA,NA,1,NA
"10/17/22 17:09","10/17/22 17:12",0,"Anonymized",100,193,1,"10/17/22 17:12","R_3Jx8pCcBisxDbol",NA,NA,NA,NA,"Anonymized","Anonymized","anonymous","EN",NA,NA,NA,NA,7,2,"Nurse",0,10,"5bfc4058bab673000163c8af","robot",1,NA,NA,2,1,NA,NA
"10/17/22 17:11","10/17/22 17:12",0,"Anonymized",100,40,1,"10/17/22 17:12","R_1pzLLubcZ8WMgI8",NA,NA,NA,NA,"Anonymized","Anonymized","anonymous","EN",NA,NA,NA,1,9,8,"Equipment technician",0,NA,"60fe2255ec4625f1c70e8581","person",NA,1,NA,NA,NA,NA,1
"10/17/22 17:11","10/17/22 17:12",0,"Anonymized",100,92,1,"10/17/22 17:12","R_24JjNqnXnmW86sk",NA,NA,NA,NA,"Anonymized","Anonymized","anonymous","EN",NA,1,NA,NA,4,5,"fixing MRI machines",0,5,"5eb342dff78ab11407daf144","robot",1,NA,2,NA,1,NA,NA
"10/17/22 17:12","10/17/22 17:13",0,"Anonymized",100,32,1,"10/17/22 17:13","R_117LsS7GLQVlcYK",NA,NA,NA,NA,"Anonymized","Anonymized","anonymous","EN",NA,NA,NA,1,7,8,"Fixing medical machines like X-Rays",0,NA,"5f4828b6dbc4a22da4be4d72","person",NA,1,NA,NA,NA,NA,1
"10/17/22 17:12","10/17/22 17:13",0,"Anonymized",100,24,1,"10/17/22 17:13","R_1LBb5oVpGaGODXu",NA,NA,NA,NA,"Anonymized","Anonymized","anonymous","EN",NA,NA,1,NA,8,6,"Nurse ",0,NA,"5e9a7f47453cfc000a735466","person",NA,1,NA,NA,NA,1,NA
"10/17/22 17:12","10/17/22 17:13",0,"Anonymized",100,61,1,"10/17/22 17:13","R_2zkGmzBgKjdHGco",NA,NA,NA,NA,"Anonymized","Anonymized","anonymous","EN",1,NA,NA,NA,4,4,"nurse",0,6,"5e40940007d0442d8b9f5c28","robot",1,NA,NA,2,1,NA,NA
"10/17/22 17:11","10/17/22 17:13",0,"Anonymized",100,89,1,"10/17/22 17:13","R_6KAknoUX5LHCV9f",NA,NA,NA,NA,"Anonymized","Anonymized","anonymous","EN",NA,1,NA,NA,1,1,"it was moving around and making facial expressions ",0,1,"5dedb806838b4f46c8d183a5","robot",1,NA,2,NA,1,NA,NA
"10/17/22 17:12","10/17/22 17:13",0,"Anonymized",100,108,1,"10/17/22 17:13","R_29h2eRHLuK4EZCy",NA,NA,NA,NA,"Anonymized","Anonymized","anonymous","EN",1,NA,NA,NA,6,7,"I do not fully remember, but it was a nurse",0,8,"6100b75556a4589a8c19efe2","robot",1,NA,NA,2,1,NA,NA
"10/17/22 17:13","10/17/22 17:14",0,"Anonymized",100,32,1,"10/17/22 17:14","R_1M0AruJoESvqpbb",NA,NA,NA,NA,"Anonymized","Anonymized","anonymous","EN",NA,NA,NA,NA,6,6,"xray technician ",0,NA,"62e1503dabce3da6af676b77","person",NA,1,NA,NA,NA,NA,1
"10/17/22 17:13","10/17/22 17:14",0,"Anonymized",100,40,1,"10/17/22 17:14","R_2EseEg9qnekAg3t",NA,NA,NA,NA,"Anonymized","Anonymized","anonymous","EN",NA,NA,1,NA,9,6,"Nurse",0,NA,"5ecc6fb87c7c7646490f3cf8","person",NA,1,NA,NA,NA,1,NA
"10/17/22 17:13","10/17/22 17:14",0,"Anonymized",100,55,1,"10/17/22 17:14","R_ZmJ5p9BKD2rffax",NA,NA,NA,NA,"Anonymized","Anonymized","anonymous","EN",NA,NA,1,NA,7,9,"She was a nurse.",0,NA,"634daef76b207fe8342f06fe","person",NA,1,NA,NA,NA,1,NA
"10/17/22 17:10","10/17/22 17:14",0,"Anonymized",100,210,1,"10/17/22 17:14","R_1LTOvYsJKMjAW1H",NA,NA,NA,NA,"Anonymized","Anonymized","anonymous","EN",NA,1,NA,NA,0,0,"fix machines,",0,0,"5dacfb6549a9c000107b7c25","robot",1,NA,2,NA,1,NA,NA
"10/17/22 17:14","10/17/22 17:14",0,"Anonymized",100,31,1,"10/17/22 17:14","R_YWYXn2tw89aVAKl",NA,NA,NA,NA,"Anonymized","Anonymized","anonymous","EN",NA,NA,NA,1,9,9,"MRI examiner",0,NA,"5ba855d47c0ebe0001272f70","person",NA,1,NA,NA,NA,NA,1
"10/17/22 17:14","10/17/22 17:14",0,"Anonymized",100,35,1,"10/17/22 17:14","R_1IopaTtvmhdGqX4",NA,NA,NA,NA,"Anonymized","Anonymized","anonymous","EN",NA,NA,NA,NA,5,5,"health care professional",0,NA,"5e9c86833eb2831a98fad6ca","person",NA,1,NA,NA,NA,1,NA
"10/17/22 17:13","10/17/22 17:14",0,"Anonymized",100,57,1,"10/17/22 17:14","R_1gTjaHRogtt5r7y",NA,NA,NA,NA,"Anonymized","Anonymized","anonymous","EN",NA,1,NA,NA,10,10,"fixed mri machine",0,10,"5e1b9951be8d633cb531644c","robot",1,NA,2,NA,1,NA,NA
"10/17/22 17:14","10/17/22 17:14",0,"Anonymized",100,29,1,"10/17/22 17:14","R_3nowZGFsymT7yg9",NA,NA,NA,NA,"Anonymized","Anonymized","anonymous","EN",NA,NA,NA,NA,5,5,"Nurse",0,NA,"5e8ea833d4e24915d6880320","person",NA,1,NA,NA,NA,1,NA
"10/17/22 17:12","10/17/22 17:15",0,"Anonymized",100,134,1,"10/17/22 17:15","R_27s4voAarEDARTP",NA,NA,NA,NA,"Anonymized","Anonymized","anonymous","EN",NA,1,NA,NA,8,9,"Fixing medical machines",0,10,"5f828002935db93a4d29d577","robot",1,NA,2,NA,1,NA,NA
"10/17/22 17:13","10/17/22 17:15",0,"Anonymized",100,74,1,"10/17/22 17:15","R_1eqRg5VxSc6VCs1",NA,NA,NA,NA,"Anonymized","Anonymized","anonymous","EN",1,NA,NA,NA,4,4,"Nurse",0,3,"5bbb4682b8653000016779e3","robot",1,NA,NA,2,1,NA,NA
"10/17/22 17:14","10/17/22 17:15",0,"Anonymized",100,30,1,"10/17/22 17:15","R_22ITTYUinywNqww",NA,NA,NA,NA,"Anonymized","Anonymized","anonymous","EN",NA,NA,1,NA,5,5,"Nurse",0,NA,"5e10d74ac74474000de3dc17","person",NA,1,NA,NA,NA,1,NA
"10/17/22 17:12","10/17/22 17:15",0,"Anonymized",100,176,1,"10/17/22 17:15","R_1pyRGaPR6Pc98mD",NA,NA,NA,NA,"Anonymized","Anonymized","anonymous","EN",1,NA,NA,NA,7,6,"Nurse",0,3,"6163abe84640981d685a57f2","robot",1,NA,NA,2,1,NA,NA
"10/17/22 17:14","10/17/22 17:16",0,"Anonymized",100,113,1,"10/17/22 17:16","R_3CJi7iivnmE61Ev",NA,NA,NA,NA,"Anonymized","Anonymized","anonymous","EN",NA,1,NA,NA,6,7,"machine maintenance",0,8,"60f1b59d5e90dbffe5dcc97d","robot",1,NA,2,NA,1,NA,NA
"10/17/22 17:15","10/17/22 17:16",0,"Anonymized",100,28,1,"10/17/22 17:16","R_W0dgotYWYMEFus9",NA,NA,NA,NA,"Anonymized","Anonymized","anonymous","EN",NA,NA,NA,NA,9,8,"nurse",0,NA,"6306a238f129633597d98c9e","person",NA,1,NA,NA,NA,1,NA
"10/17/22 17:16","10/17/22 17:16",0,"Anonymized",100,22,1,"10/17/22 17:16","R_12MsLkgsPELnDUb",NA,NA,NA,NA,"Anonymized","Anonymized","anonymous","EN",NA,NA,1,NA,7,6,"nurse",0,NA,"62f304adb152cffdd034af8b","person",NA,1,NA,NA,NA,1,NA
"10/17/22 17:15","10/17/22 17:16",0,"Anonymized",100,44,1,"10/17/22 17:16","R_Ap5pQCKJQ9QPvgt",NA,NA,NA,NA,"Anonymized","Anonymized","anonymous","EN",NA,NA,NA,NA,9,9,"The person fixed MRI machines and other things of that nature at the hospital.",0,NA,"5f5be09e16b98d18b3d213db","person",NA,1,NA,NA,NA,NA,1
"10/17/22 17:14","10/17/22 17:16",0,"Anonymized",100,120,1,"10/17/22 17:16","R_2YmmXNSFNnSjpPI",NA,NA,NA,NA,"Anonymized","Anonymized","anonymous","EN",NA,NA,NA,NA,6,3,"Nursing",0,7,"5f80fc92d6cb831ad3aabbc4","robot",1,NA,NA,2,1,NA,NA
"10/17/22 17:14","10/17/22 17:16",0,"Anonymized",100,129,1,"10/17/22 17:16","R_2tKEyNpWEVw8vju",NA,NA,NA,NA,"Anonymized","Anonymized","anonymous","EN",NA,1,NA,NA,4,3,"Fixing machines",0,9,"6018afcf89d3371aeeb8a9b6","robot",1,NA,2,NA,1,NA,NA
"10/17/22 17:16","10/17/22 17:17",0,"Anonymized",100,41,1,"10/17/22 17:17","R_T1MpTvLwARIQ77P",NA,NA,NA,NA,"Anonymized","Anonymized","anonymous","EN",NA,NA,NA,1,10,7,"MRI maintenence",0,NA,"631f5461c45e8b4374cdeb97","person",NA,1,NA,NA,NA,NA,1
"10/17/22 17:12","10/17/22 17:17",0,"Anonymized",100,300,1,"10/17/22 17:17","R_T7PiOXbvYuqkKcx",NA,NA,NA,NA,"Anonymized","Anonymized","anonymous","EN",NA,1,NA,NA,3,7,"MRI Scan",0,2,"611c3a95571912992fae32cf","robot",1,NA,2,NA,1,NA,NA
"10/17/22 17:16","10/17/22 17:17",0,"Anonymized",100,32,1,"10/17/22 17:17","R_2BxKrYdSt0wlPPe",NA,NA,NA,NA,"Anonymized","Anonymized","anonymous","EN",NA,NA,NA,1,10,10,"Fixes MRI machines",0,NA,"609ee7a707f13c414e5e87ec","person",NA,1,NA,NA,NA,NA,1
"10/17/22 17:16","10/17/22 17:17",0,"Anonymized",100,53,1,"10/17/22 17:17","R_3k4Hv0BlecMANoX",NA,NA,NA,NA,"Anonymized","Anonymized","anonymous","EN",NA,NA,NA,NA,10,9,"nurse",0,NA,"5ce7b20479642d00197682ea","person",NA,1,NA,NA,NA,1,NA
"10/17/22 17:15","10/17/22 17:17",0,"Anonymized",100,101,1,"10/17/22 17:17","R_1P0gDv5fHr1l8nJ",NA,NA,NA,NA,"Anonymized","Anonymized","anonymous","EN",1,NA,NA,NA,4,3,"Nurse",0,6,"61087a3ac7ca8020fdbd4a5e","robot",1,NA,NA,2,1,NA,NA
"10/17/22 17:15","10/17/22 17:17",0,"Anonymized",100,136,1,"10/17/22 17:17","R_3J2yY7vbKrvpO8P",NA,NA,NA,NA,"Anonymized","Anonymized","anonymous","EN",NA,1,NA,NA,4,3,"Fix medical devices",0,9,"60d38bc77bf91667dce30e64","robot",1,NA,2,NA,1,NA,NA
"10/17/22 17:16","10/17/22 17:17",0,"Anonymized",100,50,1,"10/17/22 17:17","R_3LhvZu64S3Wlo3u",NA,NA,NA,NA,"Anonymized","Anonymized","anonymous","EN",NA,NA,NA,NA,5,5,"fix equipment such as xray machines",0,NA,"58628a0e75946e0001b9fb2d","person",NA,1,NA,NA,NA,NA,1
"10/17/22 17:16","10/17/22 17:17",0,"Anonymized",100,59,1,"10/17/22 17:17","R_3mlVdCW47IePTek",NA,NA,NA,NA,"Anonymized","Anonymized","anonymous","EN",NA,1,NA,NA,4,4,"maintain medical machines",0,7,"5e9a363724927e0d07782751","robot",1,NA,2,NA,1,NA,NA
"10/17/22 17:17","10/17/22 17:18",0,"Anonymized",100,33,1,"10/17/22 17:18","R_3QKnhw9gjMSrvqU",NA,NA,NA,NA,"Anonymized","Anonymized","anonymous","EN",NA,NA,1,NA,7,7,"Nurse",0,NA,"5bb6e39827fb5000013c8fe9","person",NA,1,NA,NA,NA,1,NA
"10/17/22 17:17","10/17/22 17:18",0,"Anonymized",100,43,1,"10/17/22 17:18","R_1pAPjRRPVY6aayw",NA,NA,NA,NA,"Anonymized","Anonymized","anonymous","EN",NA,NA,NA,1,10,10,"Fixing the X-ray and MRI equipment",0,NA,"61196b3510104a9550eca0c9","person",NA,1,NA,NA,NA,NA,1
"10/17/22 17:15","10/17/22 17:18",0,"Anonymized",100,158,1,"10/17/22 17:18","R_V3zxYv8cMJ8NJuN",NA,NA,NA,NA,"Anonymized","Anonymized","anonymous","EN",NA,NA,NA,NA,8,9,"Repair medical machines",0,9,"5fc3e1e8704ddd41e549c4b8","robot",1,NA,2,NA,1,NA,NA
"10/17/22 17:17","10/17/22 17:18",0,"Anonymized",100,101,1,"10/17/22 17:18","R_3F4jMb6ebnPuElM",NA,NA,NA,NA,"Anonymized","Anonymized","anonymous","EN",1,NA,NA,NA,3,3,"nurse",0,2,"623abd6485e3c9c9a51fb456","robot",1,NA,NA,2,1,NA,NA
"10/17/22 17:17","10/17/22 17:18",0,"Anonymized",100,113,1,"10/17/22 17:18","R_sGsvrQSX9At5Yf7",NA,NA,NA,NA,"Anonymized","Anonymized","anonymous","EN",1,NA,NA,NA,4,5,"provide physical and emotional care for patients",0,5,"5ee82a46e6b51f000bb84f72","robot",1,NA,NA,2,1,NA,NA
"10/17/22 17:17","10/17/22 17:18",0,"Anonymized",100,77,1,"10/17/22 17:18","R_1ikCibUKgC9CzgH",NA,NA,NA,NA,"Anonymized","Anonymized","anonymous","EN",NA,NA,NA,1,6,6,"maintenance on machines like x-rays",0,NA,"611187664412eb804488784d","person",NA,1,NA,NA,NA,NA,1
"10/17/22 17:17","10/17/22 17:18",0,"Anonymized",100,95,1,"10/17/22 17:18","R_rjczcXyXQXo0o6d",NA,NA,NA,NA,"Anonymized","Anonymized","anonymous","EN",NA,1,NA,NA,7,7,"MRI",0,9,"5b6e9435885b0b0001bb034b","robot",1,NA,2,NA,1,NA,NA
"10/17/22 17:17","10/17/22 17:19",0,"Anonymized",100,71,1,"10/17/22 17:19","R_w4MKDRdSyBRzRzr",NA,NA,NA,NA,"Anonymized","Anonymized","anonymous","EN",1,NA,NA,NA,6,4,"Nursing related activities",0,6,"630fd31fcb1c6ab294581503","robot",1,NA,NA,2,1,NA,NA
"10/17/22 17:16","10/17/22 17:19",0,"Anonymized",100,164,1,"10/17/22 17:19","R_1Os5fT5oyi1fbLZ",NA,NA,NA,NA,"Anonymized","Anonymized","anonymous","EN",NA,NA,NA,NA,3,3,"Nurse",0,3,"5fa1b1a4499be43137fba435","robot",1,NA,NA,2,1,NA,NA
"10/17/22 17:18","10/17/22 17:19",0,"Anonymized",100,29,1,"10/17/22 17:19","R_2Soy3HWMPLIST4g",NA,NA,NA,NA,"Anonymized","Anonymized","anonymous","EN",NA,NA,NA,NA,9,9,"Fixing hospital equipment ",0,NA,"5c7e843f9c3fc00016f4e5a1","person",NA,1,NA,NA,NA,NA,1
"10/17/22 17:18","10/17/22 17:19",0,"Anonymized",100,32,1,"10/17/22 17:19","R_1lmbtlYA4PGBb4s",NA,NA,NA,NA,"Anonymized","Anonymized","anonymous","EN",NA,NA,1,NA,8,8,"nurse",0,NA,"5c05c77f24419e0001a3094f","person",NA,1,NA,NA,NA,1,NA
"10/17/22 17:18","10/17/22 17:19",0,"Anonymized",100,37,1,"10/17/22 17:19","R_1HhNpMmNu4KvnAu",NA,NA,NA,NA,"Anonymized","Anonymized","anonymous","EN",NA,NA,NA,1,10,10,"X-Ray technician ",0,NA,"5dc47ddd034b45342d3b2e3a","person",NA,1,NA,NA,NA,NA,1
"10/17/22 17:18","10/17/22 17:19",0,"Anonymized",100,67,1,"10/17/22 17:19","R_OcV4G63eDHJRmzD",NA,NA,NA,NA,"Anonymized","Anonymized","anonymous","EN",NA,NA,NA,1,8,8,"x-ray technician",0,NA,"6115915f5308ff41d36657fb","person",NA,1,NA,NA,NA,NA,1
"10/17/22 17:16","10/17/22 17:19",0,"Anonymized",100,166,1,"10/17/22 17:19","R_2ZNPmlVpSEf4Ks8",NA,NA,NA,NA,"Anonymized","Anonymized","anonymous","EN",NA,NA,NA,NA,6,5,"Fixing machines at hospitals",0,8,"5b482793940208000162c29b","robot",1,NA,2,NA,1,NA,NA
"10/17/22 17:19","10/17/22 17:19",0,"Anonymized",100,16,1,"10/17/22 17:19","R_81DT46PBdINK3zr",NA,NA,NA,NA,"Anonymized","Anonymized","anonymous","EN",NA,1,NA,NA,8,8,"hospital",0,7,"627a9d96d7f53211c49629aa","robot",1,NA,2,NA,1,NA,NA
"10/17/22 17:17","10/17/22 17:20",0,"Anonymized",100,150,1,"10/17/22 17:20","R_r0YxlgtTHDU146B",NA,NA,NA,NA,"Anonymized","Anonymized","anonymous","EN",NA,NA,NA,NA,3,3,"Nurse",0,3,"60bd3949b6f6d9c3453e8def","robot",1,NA,NA,2,1,NA,NA
"10/17/22 17:18","10/17/22 17:20",0,"Anonymized",100,132,1,"10/17/22 17:20","R_2tfBxvCB2EhNU0G",NA,NA,NA,NA,"Anonymized","Anonymized","anonymous","EN",NA,NA,NA,NA,6,6,"nurse",0,3,"62c895e07624a00daae301bb","robot",1,NA,NA,2,1,NA,NA
"10/17/22 17:19","10/17/22 17:20",0,"Anonymized",100,73,1,"10/17/22 17:20","R_24779tyGwrlCInJ",NA,NA,NA,NA,"Anonymized","Anonymized","anonymous","EN",NA,NA,NA,NA,10,8,"she maintained mri and xray machines",0,NA,"5bb5473f9e00ca0001893a4c","person",NA,1,NA,NA,NA,NA,1
"10/17/22 17:18","10/17/22 17:20",0,"Anonymized",100,105,1,"10/17/22 17:20","R_3091LZtqu7IPBBn",NA,NA,NA,NA,"Anonymized","Anonymized","anonymous","EN",NA,1,NA,NA,3,1,"Fixing machines/medical equipment",0,9,"612f152f7d455625729c73b7","robot",1,NA,2,NA,1,NA,NA
"10/17/22 17:20","10/17/22 17:20",0,"Anonymized",100,45,1,"10/17/22 17:20","R_ph3QTwMmerzPFSh",NA,NA,NA,NA,"Anonymized","Anonymized","anonymous","EN",NA,NA,NA,1,9,7,"Fixed medical machines such as x-ray",0,NA,"614e2791b9cd4f7631f6b991","person",NA,1,NA,NA,NA,NA,1
"10/17/22 17:20","10/17/22 17:21",0,"Anonymized",100,49,1,"10/17/22 17:21","R_2uD0ety1BcpDszo",NA,NA,NA,NA,"Anonymized","Anonymized","anonymous","EN",NA,NA,1,NA,8,7,"Nurse?  I can't recall.",0,NA,"5e9dc87fa311c01108463305","person",NA,1,NA,NA,NA,1,NA
"10/17/22 17:19","10/17/22 17:21",0,"Anonymized",100,143,1,"10/17/22 17:21","R_2V9ZrnQFCmugYBB",NA,NA,NA,NA,"Anonymized","Anonymized","anonymous","EN",NA,1,NA,NA,6,2,"fix complex medical machines",0,9,"62ad31a360f86efd289103ec","robot",1,NA,2,NA,1,NA,NA
"10/17/22 17:21","10/17/22 17:22",0,"Anonymized",100,69,1,"10/17/22 17:22","R_2c0zEPwY4htAty8",NA,NA,NA,NA,"Anonymized","Anonymized","anonymous","EN",1,NA,NA,NA,5,4,"Nurse",0,2,"5fe65296c9707d44700d1cd2","robot",1,NA,NA,2,1,NA,NA
"10/17/22 17:21","10/17/22 17:22",0,"Anonymized",100,67,1,"10/17/22 17:22","R_RIaFN8GqXQsHQgF",NA,NA,NA,NA,"Anonymized","Anonymized","anonymous","EN",NA,NA,NA,NA,9,5,"nurse",0,NA,"5feffe5b069e3b33013fc664","person",NA,1,NA,NA,NA,1,NA
"10/17/22 17:21","10/17/22 17:22",0,"Anonymized",100,26,1,"10/17/22 17:22","R_vwdMBjH3RQrbn6p",NA,NA,NA,NA,"Anonymized","Anonymized","anonymous","EN",NA,NA,1,NA,10,10,"nurse",0,NA,"5ac52f51e1099600016a8a7e","person",NA,1,NA,NA,NA,1,NA
"10/17/22 17:21","10/17/22 17:22",0,"Anonymized",100,73,1,"10/17/22 17:22","R_1lttklx69YgIu90",NA,NA,NA,NA,"Anonymized","Anonymized","anonymous","EN",NA,1,NA,NA,4,3,"Maintaining Machines",0,7,"5e371009171c40696077e5a5","robot",1,NA,2,NA,1,NA,NA
"10/17/22 17:21","10/17/22 17:22",0,"Anonymized",100,28,1,"10/17/22 17:22","R_Twt3mTyt6PIhbPz",NA,NA,NA,NA,"Anonymized","Anonymized","anonymous","EN",NA,NA,1,NA,7,5,"Nurse",0,NA,"5727aecae386b9000f4000cd","person",NA,1,NA,NA,NA,1,NA
"10/17/22 17:20","10/17/22 17:22",0,"Anonymized",100,114,1,"10/17/22 17:22","R_6hxzCrqEFPinpsd",NA,NA,NA,NA,"Anonymized","Anonymized","anonymous","EN",1,NA,NA,NA,10,8,"They performed the same duties as a human nurse.",0,9,"6110b1149d2c544a664a2fb8","robot",1,NA,NA,2,1,NA,NA
"10/17/22 17:22","10/17/22 17:22",0,"Anonymized",100,21,1,"10/17/22 17:22","R_2391fFAVpNxL5qr",NA,NA,NA,NA,"Anonymized","Anonymized","anonymous","EN",NA,NA,1,NA,5,5,"Nurse",0,NA,"56a68bb49ce1c0000df89344","person",NA,1,NA,NA,NA,1,NA
"10/17/22 17:22","10/17/22 17:22",0,"Anonymized",100,39,1,"10/17/22 17:22","R_s5WdHQS8DN0M4dH",NA,NA,NA,NA,"Anonymized","Anonymized","anonymous","EN",NA,NA,1,NA,9,7,"nurse",0,NA,"6296f6b50fbeeb28c63800df","person",NA,1,NA,NA,NA,1,NA
"10/17/22 17:19","10/17/22 17:22",0,"Anonymized",100,212,1,"10/17/22 17:22","R_5sskBbc2xFAfnKp",NA,NA,NA,NA,"Anonymized","Anonymized","anonymous","EN",NA,NA,NA,NA,6,0,"nurse",0,5,"5c2414b8101408000140617a","robot",1,NA,NA,2,1,NA,NA
"10/17/22 17:20","10/17/22 17:22",0,"Anonymized",100,159,1,"10/17/22 17:22","R_2aWD0XDw6Nz2SBz",NA,NA,NA,NA,"Anonymized","Anonymized","anonymous","EN",NA,1,NA,NA,7,4,"Fixing medical machines.",0,7,"60a7be7c56ee5fe79719a01e","robot",1,NA,2,NA,1,NA,NA
"10/17/22 17:20","10/17/22 17:23",0,"Anonymized",100,124,1,"10/17/22 17:23","R_10T1bysornF4nOB",NA,NA,NA,NA,"Anonymized","Anonymized","anonymous","EN",NA,NA,NA,1,8,8,"repair medical equipment like x-ray machines",0,NA,"58477607f1b9b3000192bb01","person",NA,1,NA,NA,NA,NA,1
"10/17/22 17:20","10/17/22 17:23",0,"Anonymized",100,132,1,"10/17/22 17:23","R_1o52lsQ9AXJXLKm",NA,NA,NA,NA,"Anonymized","Anonymized","anonymous","EN",NA,NA,1,NA,9,9,"Providing emotional and physical care to patients.",0,NA,"5a9dd8b1873cda00010d18c5","person",NA,1,NA,NA,NA,1,NA
"10/17/22 17:22","10/17/22 17:23",0,"Anonymized",100,46,1,"10/17/22 17:23","R_pL6huppdiE2C8H7",NA,NA,NA,NA,"Anonymized","Anonymized","anonymous","EN",1,NA,NA,NA,2,1,"Nurse",0,6,"610991f52ca853dc32c4bf49","robot",1,NA,NA,2,1,NA,NA
"10/17/22 17:22","10/17/22 17:23",0,"Anonymized",100,39,1,"10/17/22 17:23","R_1DqB5M42UWCsqdD",NA,NA,NA,NA,"Anonymized","Anonymized","anonymous","EN",NA,NA,NA,NA,9,9,"Nurse",0,NA,"5f62a420a760f03465c5086d","person",NA,1,NA,NA,NA,1,NA
"10/17/22 17:23","10/17/22 17:23",0,"Anonymized",100,29,1,"10/17/22 17:23","R_2TRJjqcumoowypt",NA,NA,NA,NA,"Anonymized","Anonymized","anonymous","EN",NA,NA,NA,NA,5,5,"Works on X-Ray and MRI Machines",0,NA,"5c9b11249cd82b00174fd7ad","person",NA,1,NA,NA,NA,NA,1
"10/17/22 17:22","10/17/22 17:23",0,"Anonymized",100,44,1,"10/17/22 17:23","R_2Vdz1RSidvWN2Xz",NA,NA,NA,NA,"Anonymized","Anonymized","anonymous","EN",NA,NA,1,NA,7,7,"Nurse ",0,NA,"5d734121d169f0001706ef8f","person",NA,1,NA,NA,NA,1,NA
"10/17/22 17:18","10/17/22 17:23",0,"Anonymized",100,322,1,"10/17/22 17:23","R_3iDSrc295HNWDYg",NA,NA,NA,NA,"Anonymized","Anonymized","anonymous","EN",NA,1,NA,NA,1,0,"Maintaining and fixing medical machines such as MRIs.",0,7,"5ba5d8b960f3d50001697104","robot",1,NA,2,NA,1,NA,NA
"10/17/22 17:23","10/17/22 17:24",0,"Anonymized",100,32,1,"10/17/22 17:24","R_3NWANlXnNzaB5Mn",NA,NA,NA,NA,"Anonymized","Anonymized","anonymous","EN",NA,NA,NA,NA,10,10,"Fixed x ray machines",0,NA,"602f4985151d50c1a4248f82","person",NA,1,NA,NA,NA,NA,1
"10/17/22 17:23","10/17/22 17:24",0,"Anonymized",100,23,1,"10/17/22 17:24","R_6iq6RGM6J6uFAMV",NA,NA,NA,NA,"Anonymized","Anonymized","anonymous","EN",NA,NA,NA,1,9,9,"does MRI's and x rays",0,NA,"5e9a2251a69f690b9cc31ede","person",NA,1,NA,NA,NA,NA,1
"10/17/22 17:23","10/17/22 17:24",0,"Anonymized",100,51,1,"10/17/22 17:24","R_2snhsn0OXlrzZQZ",NA,NA,NA,NA,"Anonymized","Anonymized","anonymous","EN",NA,NA,NA,NA,5,5,"She works at a hospital.",0,NA,"5ef54b31234db61ac1c7fdb0","person",NA,1,NA,NA,NA,NA,1
"10/17/22 17:23","10/17/22 17:24",0,"Anonymized",100,96,1,"10/17/22 17:24","R_2v7dzWdvH97yB0r",NA,NA,NA,NA,"Anonymized","Anonymized","anonymous","EN",NA,NA,NA,NA,9,8,"Fixing medical equipment",0,9,"5ba55d7a310eb3000138dc2e","robot",1,NA,2,NA,1,NA,NA
"10/17/22 17:23","10/17/22 17:24",0,"Anonymized",100,68,1,"10/17/22 17:24","R_qP0XWk5SdVPMemB",NA,NA,NA,NA,"Anonymized","Anonymized","anonymous","EN",NA,NA,NA,NA,2,1,"Nurse",0,7,"60fb2b3ed9da1acb87905100","robot",1,NA,NA,2,1,NA,NA
"10/17/22 17:23","10/17/22 17:25",0,"Anonymized",100,92,1,"10/17/22 17:25","R_22LnR9rJvXVTwHh",NA,NA,NA,NA,"Anonymized","Anonymized","anonymous","EN",1,NA,NA,NA,5,5,"nurse",0,3,"5ce9bfc4d439ae00015968dd","robot",1,NA,NA,2,1,NA,NA
"10/17/22 17:22","10/17/22 17:25",0,"Anonymized",100,182,1,"10/17/22 17:25","R_qVIx7snNu639X5T",NA,NA,NA,NA,"Anonymized","Anonymized","anonymous","EN",1,NA,NA,NA,0,0,"Nurse working at a hospital",0,0,"6018aeeb0fa3e419a12c1423","robot",1,NA,NA,2,1,NA,NA
"10/17/22 17:22","10/17/22 17:25",0,"Anonymized",100,147,1,"10/17/22 17:25","R_22r9b6YK4M666vz",NA,NA,NA,NA,"Anonymized","Anonymized","anonymous","EN",NA,1,NA,NA,3,2,"fixed machines such as xray or MRI",0,4,"56873d283693190005268fe7","robot",1,NA,2,NA,1,NA,NA
"10/17/22 17:23","10/17/22 17:25",0,"Anonymized",100,100,1,"10/17/22 17:25","R_2QnTv1pDfgkUxsY",NA,NA,NA,NA,"Anonymized","Anonymized","anonymous","EN",NA,NA,NA,NA,8,6,"nurse ",0,NA,"5f26378609aca228dcfd19fa","person",NA,1,NA,NA,NA,1,NA
"10/17/22 17:24","10/17/22 17:25",0,"Anonymized",100,43,1,"10/17/22 17:25","R_3nxB3UQ6LBYsH5r",NA,NA,NA,NA,"Anonymized","Anonymized","anonymous","EN",NA,NA,NA,NA,10,10,"Fixing xray and similar machines in a hospital",0,NA,"61537529838b05f12699918e","person",NA,1,NA,NA,NA,NA,1
"10/17/22 17:23","10/17/22 17:26",0,"Anonymized",100,132,1,"10/17/22 17:26","R_OlFlohCjk2LRxPr",NA,NA,NA,NA,"Anonymized","Anonymized","anonymous","EN",NA,1,NA,NA,6,5,"Fix medical machines",0,9,"5f7d026c6fd2421d2dc1af04","robot",1,NA,2,NA,1,NA,NA
"10/17/22 17:25","10/17/22 17:26",0,"Anonymized",100,41,1,"10/17/22 17:26","R_3k7ViONG1LsmXtw",NA,NA,NA,NA,"Anonymized","Anonymized","anonymous","EN",NA,NA,NA,1,10,10,"technician that repairs machines in a hospital like MRI",0,NA,"5eeb19d4e0d561256d56d129","person",NA,1,NA,NA,NA,NA,1
"10/17/22 17:25","10/17/22 17:26",0,"Anonymized",100,44,1,"10/17/22 17:26","R_ugGpFOtDFpYqc7f",NA,NA,NA,NA,"Anonymized","Anonymized","anonymous","EN",NA,NA,NA,1,9,9,"worked on x-ray and mri",0,NA,"570d891d42a1db000fc65b4d","person",NA,1,NA,NA,NA,NA,1
"10/17/22 17:23","10/17/22 17:26",0,"Anonymized",100,141,1,"10/17/22 17:26","R_1eqjqwxazxGbLLN",NA,NA,NA,NA,"Anonymized","Anonymized","anonymous","EN",NA,1,NA,NA,3,3,"Fix machines like the MRI and CAT scan ones",0,8,"6294de1b341cd20e308d1a4a","robot",1,NA,2,NA,1,NA,NA
"10/17/22 17:22","10/17/22 17:26",0,"Anonymized",100,224,1,"10/17/22 17:26","R_1esKynUzjUipNEr",NA,NA,NA,NA,"Anonymized","Anonymized","anonymous","EN",NA,1,NA,NA,0,0,"fixing medical machines",0,9,"6153feff56031fc0b414028b","robot",1,NA,2,NA,1,NA,NA
"10/17/22 17:24","10/17/22 17:26",0,"Anonymized",100,84,1,"10/17/22 17:26","R_4YoVB4Hv84T2YOl",NA,NA,NA,NA,"Anonymized","Anonymized","anonymous","EN",NA,1,NA,NA,7,7,"repairs medical machines",0,10,"5c33a10c88e52b00017eb86f","robot",1,NA,2,NA,1,NA,NA
"10/17/22 17:23","10/17/22 17:26",0,"Anonymized",100,156,1,"10/17/22 17:26","R_YPokmNk7rpoNJYJ",NA,NA,NA,NA,"Anonymized","Anonymized","anonymous","EN",1,NA,NA,NA,4,4,"Nursing",0,3,"5b4532ccc623ed00013d2a41","robot",1,NA,NA,2,1,NA,NA
"10/17/22 17:24","10/17/22 17:26",0,"Anonymized",100,109,1,"10/17/22 17:26","R_1rdAqTgLwLfQ19l",NA,NA,NA,NA,"Anonymized","Anonymized","anonymous","EN",NA,NA,NA,1,10,10,"They work with the X ray machine",0,NA,"63081065ccb6f3f178d6a248","person",NA,1,NA,NA,NA,NA,1
"10/17/22 17:26","10/17/22 17:27",0,"Anonymized",100,41,1,"10/17/22 17:27","R_11hAG3qTJ6QJ65y",NA,NA,NA,NA,"Anonymized","Anonymized","anonymous","EN",NA,NA,NA,1,8,8,"imaging technician",0,NA,"5e68acbc938d3214ff65c299","person",NA,1,NA,NA,NA,NA,1
"10/17/22 17:25","10/17/22 17:27",0,"Anonymized",100,132,1,"10/17/22 17:27","R_3exDL9N2YFgZYGz",NA,NA,NA,NA,"Anonymized","Anonymized","anonymous","EN",NA,NA,NA,NA,4,4,"Nurse",0,9,"5f4af662edeb8515330d6405","robot",1,NA,NA,2,1,NA,NA
"10/17/22 17:25","10/17/22 17:27",0,"Anonymized",100,143,1,"10/17/22 17:27","R_2SlE8ljOjnl25Nt",NA,NA,NA,NA,"Anonymized","Anonymized","anonymous","EN",NA,NA,NA,NA,7,4,"Nursing",0,3,"5cb53c86063f2b0001652dab","robot",1,NA,NA,2,1,NA,NA
"10/17/22 17:26","10/17/22 17:27",0,"Anonymized",100,82,1,"10/17/22 17:27","R_3knbA7rKincjVSs",NA,NA,NA,NA,"Anonymized","Anonymized","anonymous","EN",NA,NA,NA,NA,10,7,"maintain machines like x rays ",0,NA,"5f77a04b06b78631ec4b714c","person",NA,1,NA,NA,NA,NA,1
"10/17/22 17:26","10/17/22 17:27",0,"Anonymized",100,37,1,"10/17/22 17:27","R_3HtNlP46yDWG37d",NA,NA,NA,NA,"Anonymized","Anonymized","anonymous","EN",NA,NA,1,NA,10,8,"nurse",0,NA,"634d7cbd75aedb15606443cd","person",NA,1,NA,NA,NA,1,NA
"10/17/22 17:25","10/17/22 17:27",0,"Anonymized",100,106,1,"10/17/22 17:27","R_2TQQnusbVgREqYs",NA,NA,NA,NA,"Anonymized","Anonymized","anonymous","EN",NA,1,NA,NA,5,10,"Fix machines ",0,8,"5c16087a1f6f15000149a167","robot",1,NA,2,NA,1,NA,NA
"10/17/22 17:24","10/17/22 17:27",0,"Anonymized",100,192,1,"10/17/22 17:27","R_1pEZVIfcSOkbE6k",NA,NA,NA,NA,"Anonymized","Anonymized","anonymous","EN",1,NA,NA,NA,10,6,"Nurse",0,10,"629464e9360c870e1e6eee85","robot",1,NA,NA,2,1,NA,NA
"10/17/22 17:27","10/17/22 17:27",0,"Anonymized",100,17,1,"10/17/22 17:27","R_3oZUbhh6DRIpjA2",NA,NA,NA,NA,"Anonymized","Anonymized","anonymous","EN",NA,NA,1,NA,9,9,"nurse",0,NA,"5947f37ff154200001b51473","person",NA,1,NA,NA,NA,1,NA
"10/17/22 17:21","10/17/22 17:27",0,"Anonymized",100,389,1,"10/17/22 17:27","R_1LUnxZ0AAG7ogUo",NA,NA,NA,NA,"Anonymized","Anonymized","anonymous","EN",NA,NA,NA,NA,3,3,"Work on equipment ",0,7,"5c1c906215a94b00018d4dd3","robot",1,NA,2,NA,1,NA,NA
"10/17/22 17:27","10/17/22 17:28",0,"Anonymized",100,58,1,"10/17/22 17:28","R_1Qz9fPmLRPJN4d7",NA,NA,NA,NA,"Anonymized","Anonymized","anonymous","EN",NA,NA,NA,NA,9,9,"Nurse ",0,10,"5dd5378596afdf4eb31c657b","robot",1,NA,NA,2,1,NA,NA
"10/17/22 17:26","10/17/22 17:28",0,"Anonymized",100,119,1,"10/17/22 17:28","R_2aQVBwXafUDixm9",NA,NA,NA,NA,"Anonymized","Anonymized","anonymous","EN",NA,1,NA,NA,8,5,"x-ray ",0,10,"59f958ccf4217300016cc577","robot",1,NA,2,NA,1,NA,NA
"10/17/22 17:27","10/17/22 17:28",0,"Anonymized",100,76,1,"10/17/22 17:28","R_3g5hpBi8E3jngFP",NA,NA,NA,NA,"Anonymized","Anonymized","anonymous","EN",NA,NA,1,NA,10,9,"nurse",0,NA,"5fd6ebe9b77a3d65df0c0674","person",NA,1,NA,NA,NA,1,NA
"10/17/22 17:27","10/17/22 17:28",0,"Anonymized",100,70,1,"10/17/22 17:28","R_1KedeLh0uuokNpE",NA,NA,NA,NA,"Anonymized","Anonymized","anonymous","EN",NA,1,NA,NA,10,10,"Fixes xray and mri machines",0,10,"5ed68cac121a540dfb82f4ea","robot",1,NA,2,NA,1,NA,NA
"10/17/22 17:28","10/17/22 17:28",0,"Anonymized",100,34,1,"10/17/22 17:28","R_1QiKJ3c60zZ5gWU",NA,NA,NA,NA,"Anonymized","Anonymized","anonymous","EN",NA,NA,NA,NA,8,5,"Nurse",0,NA,"62dcea3e83d404e784f0186a","person",NA,1,NA,NA,NA,1,NA
"10/17/22 17:28","10/17/22 17:28",0,"Anonymized",100,48,1,"10/17/22 17:28","R_2sQDqeMGsZin4kA",NA,NA,NA,NA,"Anonymized","Anonymized","anonymous","EN",NA,NA,NA,1,8,8,"X-ray technician at a hospital",0,NA,"6320e419d1acadbc6688cf7a","person",NA,1,NA,NA,NA,NA,1
"10/17/22 17:27","10/17/22 17:29",0,"Anonymized",100,90,1,"10/17/22 17:29","R_Ut46RcnqEhlT9Vn",NA,NA,NA,NA,"Anonymized","Anonymized","anonymous","EN",NA,NA,NA,NA,8,7,"Medical equipment repairs",0,NA,"60d8d9348db2bb3a539b5c1d","person",NA,1,NA,NA,NA,NA,1
"10/17/22 17:28","10/17/22 17:29",0,"Anonymized",100,33,1,"10/17/22 17:29","R_125ZZW6TJHNvbQZ",NA,NA,NA,NA,"Anonymized","Anonymized","anonymous","EN",NA,NA,NA,NA,10,8,"nurse",0,NA,"61112c05608ea60cb93f04f0","person",NA,1,NA,NA,NA,1,NA
"10/17/22 17:27","10/17/22 17:29",0,"Anonymized",100,124,1,"10/17/22 17:29","R_21G2WcZ4gY578z5",NA,NA,NA,NA,"Anonymized","Anonymized","anonymous","EN",NA,NA,NA,NA,4,4,"Nursing",0,3,"60bac4eb11e08e852fd030ab","robot",1,NA,NA,2,1,NA,NA
"10/17/22 17:27","10/17/22 17:29",0,"Anonymized",100,105,1,"10/17/22 17:29","R_28BV6oMqCuQyCNA",NA,NA,NA,NA,"Anonymized","Anonymized","anonymous","EN",NA,1,NA,NA,10,5,"Fixing machines",0,4,"6165abdc7a32008e0ab655ae","robot",1,NA,2,NA,1,NA,NA
"10/17/22 17:29","10/17/22 17:29",0,"Anonymized",100,25,1,"10/17/22 17:29","R_2yshLmcYt0XiIRE",NA,NA,NA,NA,"Anonymized","Anonymized","anonymous","EN",NA,NA,NA,1,10,10,"MRI person",0,NA,"5eb879035275547d0fcdd610","person",NA,1,NA,NA,NA,NA,1
"10/17/22 17:29","10/17/22 17:30",0,"Anonymized",100,64,1,"10/17/22 17:30","R_2D2J3F0jyNoZwFE",NA,NA,NA,NA,"Anonymized","Anonymized","anonymous","EN",NA,1,NA,NA,8,8,"Fixing medical machines such as an x-ray",0,7,"61194d67cf13024bcdf7c246","robot",1,NA,2,NA,1,NA,NA
"10/17/22 17:28","10/17/22 17:30",0,"Anonymized",100,109,1,"10/17/22 17:30","R_2uIOoLoLHZmzybl",NA,NA,NA,NA,"Anonymized","Anonymized","anonymous","EN",NA,NA,NA,NA,8,6,"Maintain and fix medical equipment.",0,NA,"6286642579f3b7c4d3f863c4","person",NA,1,NA,NA,NA,NA,1
"10/17/22 17:27","10/17/22 17:30",0,"Anonymized",100,160,1,"10/17/22 17:30","R_1n9ePCiWBE15Hew",NA,NA,NA,NA,"Anonymized","Anonymized","anonymous","EN",NA,1,NA,NA,8,6,"Operate X-Ray machine, Nurse",0,3,"60210277bcd2e700088f531c","robot",1,NA,2,NA,1,NA,NA
"10/17/22 17:29","10/17/22 17:30",0,"Anonymized",100,38,1,"10/17/22 17:30","R_1GCtTueJhpbf2ro",NA,NA,NA,NA,"Anonymized","Anonymized","anonymous","EN",NA,NA,NA,1,7,7,"Xrays",0,NA,"5c5351f831f18100015ad5bd","person",NA,1,NA,NA,NA,NA,1
"10/17/22 17:27","10/17/22 17:30",0,"Anonymized",100,162,1,"10/17/22 17:30","R_1nT9NmtsE6XAso6",NA,NA,NA,NA,"Anonymized","Anonymized","anonymous","EN",NA,1,NA,NA,8,7,"Fix medical machinery",0,8,"5a219133b4665b00011fd87a","robot",1,NA,2,NA,1,NA,NA
"10/17/22 17:29","10/17/22 17:30",0,"Anonymized",100,43,1,"10/17/22 17:30","R_ZgfoahnqT0TSvzb",NA,NA,NA,NA,"Anonymized","Anonymized","anonymous","EN",NA,NA,NA,NA,9,9,"a nurse",0,NA,"62bde61e19926c35d347dd2f","person",NA,1,NA,NA,NA,1,NA
"10/17/22 17:29","10/17/22 17:30",0,"Anonymized",100,52,1,"10/17/22 17:30","R_2QLOfnqwVQMnqjk",NA,NA,NA,NA,"Anonymized","Anonymized","anonymous","EN",NA,NA,NA,1,10,5,"this person fixes medical machinery ",0,NA,"5faeb8eb6562cd0163f216ec","person",NA,1,NA,NA,NA,NA,1
"10/17/22 17:28","10/17/22 17:30",0,"Anonymized",100,116,1,"10/17/22 17:30","R_3s7xiSgNYC1IqHm",NA,NA,NA,NA,"Anonymized","Anonymized","anonymous","EN",1,NA,NA,NA,7,7,"Nurse",0,9,"5dd5d5b8f30aa6596ceebab8","robot",1,NA,NA,2,1,NA,NA
"10/17/22 17:29","10/17/22 17:30",0,"Anonymized",100,61,1,"10/17/22 17:30","R_3suJnBFrVWHmwVU",NA,NA,NA,NA,"Anonymized","Anonymized","anonymous","EN",NA,NA,NA,NA,8,3,"Medical",0,8,"6310f89536acffb9a2eca63d","robot",1,NA,NA,2,1,NA,NA
"10/17/22 17:28","10/17/22 17:31",0,"Anonymized",100,167,1,"10/17/22 17:31","R_3qsQkbxmKtOTY0g",NA,NA,NA,NA,"Anonymized","Anonymized","anonymous","EN",1,NA,NA,NA,8,7,"Nurse",0,8,"5e801ffa2b3c3870ecdf7865","robot",1,NA,NA,2,1,NA,NA
"10/17/22 17:30","10/17/22 17:31",0,"Anonymized",100,33,1,"10/17/22 17:31","R_2RODzdzMt4hS4ri",NA,NA,NA,NA,"Anonymized","Anonymized","anonymous","EN",NA,NA,1,NA,8,8,"Nurse at a hospital ",0,NA,"60fcf110d2d4a115c136cb90","person",NA,1,NA,NA,NA,1,NA
"10/17/22 17:30","10/17/22 17:31",0,"Anonymized",100,64,1,"10/17/22 17:31","R_32WoaQar7QCSgLK",NA,NA,NA,NA,"Anonymized","Anonymized","anonymous","EN",NA,NA,NA,NA,10,10,"x-ray technician",0,NA,"55b0eabffdf99b2228330785","person",NA,1,NA,NA,NA,NA,1
"10/17/22 17:31","10/17/22 17:31",0,"Anonymized",100,24,1,"10/17/22 17:31","R_1LiiJivVFv6QNhF",NA,NA,NA,NA,"Anonymized","Anonymized","anonymous","EN",NA,NA,1,NA,8,8,"nurse",0,NA,"6316c6198b68c73f7457041c","person",NA,1,NA,NA,NA,1,NA
"10/17/22 17:29","10/17/22 17:31",0,"Anonymized",100,129,1,"10/17/22 17:31","R_1GOBFmMWtHKXm0V",NA,NA,NA,NA,"Anonymized","Anonymized","anonymous","EN",NA,NA,NA,NA,10,10,"Fix complex medical machines",0,10,"5f3f0641de4e871ea98cf4ee","robot",1,NA,2,NA,1,NA,NA
"10/17/22 17:30","10/17/22 17:31",0,"Anonymized",100,109,1,"10/17/22 17:31","R_3MfCu0AXd4XfhpY",NA,NA,NA,NA,"Anonymized","Anonymized","anonymous","EN",NA,1,NA,NA,3,0,"Machine maintenance and operation ",0,10,"62d5dd5dc11b253b5adcd544","robot",1,NA,2,NA,1,NA,NA
"10/17/22 17:29","10/17/22 17:31",0,"Anonymized",100,133,1,"10/17/22 17:31","R_1KkIjl0M40jl2Ex",NA,NA,NA,NA,"Anonymized","Anonymized","anonymous","EN",NA,1,NA,NA,3,3,"fixing machinery ",0,7,"603c69904835ea83ab3a7eb9","robot",1,NA,2,NA,1,NA,NA
"10/17/22 17:31","10/17/22 17:31",0,"Anonymized",100,14,1,"10/17/22 17:31","R_2uJRS6pceeBpVv5",NA,NA,NA,NA,"Anonymized","Anonymized","anonymous","EN",NA,NA,NA,NA,6,6,"Nurse",0,NA,"5ba8eec10dc8cb000121f12b","person",NA,1,NA,NA,NA,1,NA
"10/17/22 17:31","10/17/22 17:32",0,"Anonymized",100,23,1,"10/17/22 17:32","R_33EHwGS7Jmvz0eR",NA,NA,NA,NA,"Anonymized","Anonymized","anonymous","EN",NA,NA,NA,NA,8,7,"x ray",0,NA,"60ce9fa3d9f9a088647a62ba","person",NA,1,NA,NA,NA,NA,1
"10/17/22 17:31","10/17/22 17:32",0,"Anonymized",100,46,1,"10/17/22 17:32","R_1GVSFZULbNvRp6F",NA,NA,NA,NA,"Anonymized","Anonymized","anonymous","EN",NA,NA,1,NA,8,8,"hospital nurse",0,NA,"60fd8570f92207ceba5fe86e","person",NA,1,NA,NA,NA,1,NA
"10/17/22 17:30","10/17/22 17:32",0,"Anonymized",100,126,1,"10/17/22 17:32","R_1FtBXhM3JmGQW5y",NA,NA,NA,NA,"Anonymized","Anonymized","anonymous","EN",NA,NA,NA,NA,0,0,"nurse",0,6,"5e246a245e04db6e93e22666","robot",1,NA,NA,2,1,NA,NA
"10/17/22 17:32","10/17/22 17:32",0,"Anonymized",100,20,1,"10/17/22 17:32","R_3mgxNS9tgYqPYUr",NA,NA,NA,NA,"Anonymized","Anonymized","anonymous","EN",NA,NA,NA,1,4,4,"MRI Scans",0,NA,"56c984eb10a82f0006ffd111","person",NA,1,NA,NA,NA,NA,1
"10/17/22 17:29","10/17/22 17:32",0,"Anonymized",100,212,1,"10/17/22 17:32","R_1jD5vwXTYovn0Ux",NA,NA,NA,NA,"Anonymized","Anonymized","anonymous","EN",NA,NA,NA,NA,10,5,"Maintained machines such as xrays.",0,NA,"6234fb9dc715e1b3a9007c7e","person",NA,1,NA,NA,NA,NA,1
"10/17/22 17:32","10/17/22 17:32",0,"Anonymized",100,58,1,"10/17/22 17:32","R_3q7FFHf5MP3zFPq",NA,NA,NA,NA,"Anonymized","Anonymized","anonymous","EN",1,NA,NA,NA,4,3,"physical emotional care in hospital",0,4,"60946de1a598e8ca41a3096d","robot",1,NA,NA,2,1,NA,NA
"10/17/22 17:32","10/17/22 17:33",0,"Anonymized",100,29,1,"10/17/22 17:33","R_3lMvxgHuaFFRqjD",NA,NA,NA,NA,"Anonymized","Anonymized","anonymous","EN",NA,NA,NA,NA,7,6,"Nurse",0,NA,"5b06d013732c5d000154dbf8","person",NA,1,NA,NA,NA,1,NA
"10/17/22 17:32","10/17/22 17:33",0,"Anonymized",100,41,1,"10/17/22 17:33","R_2dJQx3JHmpAPwfO",NA,NA,NA,NA,"Anonymized","Anonymized","anonymous","EN",NA,NA,NA,NA,7,5,"Patient care",0,NA,"6202990aef1cb18a1337c3c3","person",NA,1,NA,NA,NA,1,NA
"10/17/22 17:31","10/17/22 17:33",0,"Anonymized",100,101,1,"10/17/22 17:33","R_2OJvjiVsflZk0cF",NA,NA,NA,NA,"Anonymized","Anonymized","anonymous","EN",NA,1,NA,NA,3,4,"Fixing machines",0,7,"6331292b63a37cc05d97aa93","robot",1,NA,2,NA,1,NA,NA
"10/17/22 17:32","10/17/22 17:33",0,"Anonymized",100,25,1,"10/17/22 17:33","R_1nMzoKkp95vPdOk",NA,NA,NA,NA,"Anonymized","Anonymized","anonymous","EN",NA,NA,1,NA,9,5,"Nurse",0,NA,"5928b05e590f0b000126edb8","person",NA,1,NA,NA,NA,1,NA
"10/17/22 17:32","10/17/22 17:33",0,"Anonymized",100,29,1,"10/17/22 17:33","R_31AaUbvEcBQcym2",NA,NA,NA,NA,"Anonymized","Anonymized","anonymous","EN",NA,NA,1,NA,6,7,"Nurse and person who cares for people. ",0,NA,"610858d216ad5a7a479e3f7c","person",NA,1,NA,NA,NA,1,NA
"10/17/22 17:32","10/17/22 17:33",0,"Anonymized",100,51,1,"10/17/22 17:33","R_3PFS3NLOcS0602U",NA,NA,NA,NA,"Anonymized","Anonymized","anonymous","EN",NA,NA,NA,NA,9,8,"They were a nurse and were there to provide and physical and emotional support",0,NA,"5fd0428072eedf0aad62ca5a","person",NA,1,NA,NA,NA,1,NA
"10/17/22 17:32","10/17/22 17:33",0,"Anonymized",100,67,1,"10/17/22 17:33","R_RnliVrvz1jUl0OJ",NA,NA,NA,NA,"Anonymized","Anonymized","anonymous","EN",NA,1,NA,NA,7,7,"fixing medical equipment",0,7,"62f7f962dab1139e741e5207","robot",1,NA,2,NA,1,NA,NA
"10/17/22 17:31","10/17/22 17:33",0,"Anonymized",100,110,1,"10/17/22 17:33","R_33fOhv5FrU6K6we",NA,NA,NA,NA,"Anonymized","Anonymized","anonymous","EN",1,NA,NA,NA,6,5,"nurse",0,7,"6234bc20474f603b10a66d77","robot",1,NA,NA,2,1,NA,NA
"10/17/22 17:33","10/17/22 17:33",0,"Anonymized",100,34,1,"10/17/22 17:33","R_2w1E1krWLSNeM2p",NA,NA,NA,NA,"Anonymized","Anonymized","anonymous","EN",NA,NA,1,NA,8,8,"Nurse",0,NA,"6103cee734ed4f05bab17c78","person",NA,1,NA,NA,NA,1,NA
"10/17/22 17:32","10/17/22 17:33",0,"Anonymized",100,38,1,"10/17/22 17:33","R_1liy5p9qOKfTa3Q",NA,NA,NA,NA,"Anonymized","Anonymized","anonymous","EN",NA,NA,1,NA,9,9,"Nurse, at the hospital I can choose",0,NA,"56e72067c89073000be77fdf","person",NA,1,NA,NA,NA,1,NA
"10/17/22 17:29","10/17/22 17:33",0,"Anonymized",100,263,1,"10/17/22 17:33","R_cD5RiS7NN4zX3Zn",NA,NA,NA,NA,"Anonymized","Anonymized","anonymous","EN",1,NA,NA,NA,6,5,"nurse",0,2,"6102305909437ce716d13eee","robot",1,NA,NA,2,1,NA,NA
"10/17/22 17:33","10/17/22 17:33",0,"Anonymized",100,29,1,"10/17/22 17:33","R_1lyOKHy2Fsv2ZgC",NA,NA,NA,NA,"Anonymized","Anonymized","anonymous","EN",NA,NA,NA,NA,5,5,"nurse",0,NA,"5dde0d3ce2dcbdd798721c65","person",NA,1,NA,NA,NA,1,NA
"10/17/22 17:31","10/17/22 17:33",0,"Anonymized",100,108,1,"10/17/22 17:33","R_6xmT7lE3Uc7NTbj",NA,NA,NA,NA,"Anonymized","Anonymized","anonymous","EN",NA,NA,1,NA,8,8,"nurse",0,NA,"6168ace1ef0f716f56f08f5b","person",NA,1,NA,NA,NA,1,NA
"10/17/22 17:32","10/17/22 17:33",0,"Anonymized",100,72,1,"10/17/22 17:33","R_24c8iO21BzTiOQ3",NA,NA,NA,NA,"Anonymized","Anonymized","anonymous","EN",NA,1,NA,NA,9,7,"fixing medical equipment like X-ray and MRI machines",0,8,"5c84014bd34170000141b8d6","robot",1,NA,2,NA,1,NA,NA
"10/17/22 17:33","10/17/22 17:33",0,"Anonymized",100,26,1,"10/17/22 17:33","R_1q4maxCiBQG5La9",NA,NA,NA,NA,"Anonymized","Anonymized","anonymous","EN",NA,NA,1,NA,10,5,"nurse",0,NA,"5b1505b69663ee0001463400","person",NA,1,NA,NA,NA,1,NA
"10/17/22 17:33","10/17/22 17:34",0,"Anonymized",100,36,1,"10/17/22 17:34","R_1ODFsNnfKDdmPRj",NA,NA,NA,NA,"Anonymized","Anonymized","anonymous","EN",NA,NA,NA,NA,4,5,"nurse",0,NA,"5a6fa677c2eb6c00017e042e","person",NA,1,NA,NA,NA,NA,1
"10/17/22 17:32","10/17/22 17:34",0,"Anonymized",100,135,1,"10/17/22 17:34","R_3gZ7bEbWj2hDvAL",NA,NA,NA,NA,"Anonymized","Anonymized","anonymous","EN",NA,1,NA,NA,5,6,"Medical procedures",0,1,"5e58376293597e044d5af47a","robot",1,NA,2,NA,1,NA,NA
"10/17/22 17:34","10/17/22 17:34",0,"Anonymized",100,19,1,"10/17/22 17:34","R_3hDVl9EHne6oIgA",NA,NA,NA,NA,"Anonymized","Anonymized","anonymous","EN",NA,NA,1,NA,7,9,"Nurse",0,NA,"62d4f7fd1880373a510c1582","person",NA,1,NA,NA,NA,1,NA
"10/17/22 17:32","10/17/22 17:35",0,"Anonymized",100,141,1,"10/17/22 17:35","R_3m1SBPdS5FKE1Au",NA,NA,NA,NA,"Anonymized","Anonymized","anonymous","EN",1,NA,NA,NA,0,0,"nurse",0,0,"559d9916fdf99b1e2b2dc6b8","robot",1,NA,NA,2,1,NA,NA
"10/17/22 17:32","10/17/22 17:35",0,"Anonymized",100,179,1,"10/17/22 17:35","R_2Xjpky5Xjko40Dx",NA,NA,NA,NA,"Anonymized","Anonymized","anonymous","EN",NA,NA,NA,NA,1,1,"nurse in a hospital",0,3,"5dde8961a4aa26f2f73d785b","robot",1,NA,NA,2,1,NA,NA
"10/17/22 17:34","10/17/22 17:35",0,"Anonymized",100,23,1,"10/17/22 17:35","R_1OV4C5ZCtfquhkA",NA,NA,NA,NA,"Anonymized","Anonymized","anonymous","EN",NA,NA,NA,1,5,5,"Mri/Xray technician",0,NA,"558cdd7efdf99b0f1cc5f4c1","person",NA,1,NA,NA,NA,NA,1
"10/17/22 17:32","10/17/22 17:35",0,"Anonymized",100,137,1,"10/17/22 17:35","R_3Jhf26XlEMbGYt6",NA,NA,NA,NA,"Anonymized","Anonymized","anonymous","EN",NA,1,NA,NA,2,1,"Fixing MRI machines",0,6,"610790e286844c36e02f906c","robot",1,NA,2,NA,1,NA,NA
"10/17/22 17:34","10/17/22 17:35",0,"Anonymized",100,24,1,"10/17/22 17:35","R_1HAxQ0FonSlgFt7",NA,NA,NA,NA,"Anonymized","Anonymized","anonymous","EN",NA,NA,NA,NA,10,10,"Nurse",0,NA,"604dff87be5115f1266d3963","person",NA,1,NA,NA,NA,1,NA
"10/17/22 17:33","10/17/22 17:35",0,"Anonymized",100,144,1,"10/17/22 17:35","R_1FPQO2p3VxxRr7G",NA,NA,NA,NA,"Anonymized","Anonymized","anonymous","EN",NA,NA,NA,NA,2,2,"All of the same tasks a human nurse can",0,4,"611af624e2e6ecca99ad6341","robot",1,NA,NA,2,1,NA,NA
"10/17/22 17:35","10/17/22 17:36",0,"Anonymized",100,43,1,"10/17/22 17:36","R_eLnc8k8lqAxYFxL",NA,NA,NA,NA,"Anonymized","Anonymized","anonymous","EN",NA,NA,1,NA,7,7,"Nurse",0,NA,"60246aa489ae64151cc56620","person",NA,1,NA,NA,NA,1,NA
"10/17/22 17:34","10/17/22 17:36",0,"Anonymized",100,81,1,"10/17/22 17:36","R_2e9YVUok7kRJ047",NA,NA,NA,NA,"Anonymized","Anonymized","anonymous","EN",NA,NA,NA,NA,10,8,"working in a hospital",0,10,"5f4b3a0ff271be7054ca348a","robot",1,NA,2,NA,1,NA,NA
"10/17/22 17:32","10/17/22 17:36",0,"Anonymized",100,190,1,"10/17/22 17:36","R_1hGvzHUHaFys73w",NA,NA,NA,NA,"Anonymized","Anonymized","anonymous","EN",NA,1,NA,NA,3,3,"Doing mri and medical work",0,7,"6110b7bc1399b88a9243879e","robot",1,NA,2,NA,1,NA,NA
"10/17/22 17:35","10/17/22 17:36",0,"Anonymized",100,14,1,"10/17/22 17:36","R_bvVaTgRNPgloaDn",NA,NA,NA,NA,"Anonymized","Anonymized","anonymous","EN",NA,NA,1,NA,8,8,"nurse",0,NA,"608de796e01aab901bea05d1","person",NA,1,NA,NA,NA,1,NA
"10/17/22 17:35","10/17/22 17:36",0,"Anonymized",100,48,1,"10/17/22 17:36","R_2f8QrZOrtjLkglx",NA,NA,NA,NA,"Anonymized","Anonymized","anonymous","EN",NA,1,NA,NA,4,3,"Doctor",0,2,"5f1390c5bbb7d339959cc807","robot",1,NA,2,NA,1,NA,NA
"10/17/22 17:32","10/17/22 17:36",0,"Anonymized",100,212,1,"10/17/22 17:36","R_DBSyYoJySTSu1CV",NA,NA,NA,NA,"Anonymized","Anonymized","anonymous","EN",NA,1,NA,NA,4,4,"Fix medical machines",0,5,"6150b927614a4f154f311f9d","robot",1,NA,2,NA,1,NA,NA
"10/17/22 17:35","10/17/22 17:36",0,"Anonymized",100,49,1,"10/17/22 17:36","R_z9fNL62BVHi6qUV",NA,NA,NA,NA,"Anonymized","Anonymized","anonymous","EN",NA,NA,NA,NA,10,5,"Fix and maintain xray machines",0,NA,"55ac22cafdf99b6de2fa7ee2","person",NA,1,NA,NA,NA,NA,1
"10/17/22 17:36","10/17/22 17:36",0,"Anonymized",100,34,1,"10/17/22 17:36","R_82K23wMvvZp0jND",NA,NA,NA,NA,"Anonymized","Anonymized","anonymous","EN",NA,NA,NA,NA,8,7,"A nurse",0,NA,"5d140b5c1039690017945b7b","person",NA,1,NA,NA,NA,1,NA
"10/17/22 17:36","10/17/22 17:36",0,"Anonymized",100,41,1,"10/17/22 17:36","R_2BeTHe9obhSoAdV",NA,NA,NA,NA,"Anonymized","Anonymized","anonymous","EN",NA,NA,NA,1,10,10,"Fixes x-ray machines",0,NA,"5c227a64da51990001e1e0a2","person",NA,1,NA,NA,NA,NA,1
"10/17/22 17:36","10/17/22 17:37",0,"Anonymized",100,30,1,"10/17/22 17:37","R_QgnQ3HSX05MAfap",NA,NA,NA,NA,"Anonymized","Anonymized","anonymous","EN",NA,NA,1,NA,10,10,"a nurse",0,NA,"5d62dd02d556f20015807921","person",NA,1,NA,NA,NA,1,NA
"10/17/22 17:36","10/17/22 17:37",0,"Anonymized",100,26,1,"10/17/22 17:37","R_3CZuj0cOXmNUNTQ",NA,NA,NA,NA,"Anonymized","Anonymized","anonymous","EN",NA,NA,1,NA,7,7,"nurse",0,NA,"6110a6b219dbeea702baf043","person",NA,1,NA,NA,NA,1,NA
"10/17/22 17:36","10/17/22 17:37",0,"Anonymized",100,23,1,"10/17/22 17:37","R_3iWgyvkX6GOFU1L",NA,NA,NA,NA,"Anonymized","Anonymized","anonymous","EN",NA,NA,NA,NA,10,10,"MRI's and X-Rays",0,NA,"5e2b3e22a8f85318c2429121","person",NA,1,NA,NA,NA,NA,1
"10/17/22 17:35","10/17/22 17:37",0,"Anonymized",100,106,1,"10/17/22 17:37","R_28REP5p9LRolOUt",NA,NA,NA,NA,"Anonymized","Anonymized","anonymous","EN",NA,NA,NA,1,3,3,"To maintain and fix medical machines",0,NA,"610992345dff3a5180a13714","person",NA,1,NA,NA,NA,NA,1
"10/17/22 17:34","10/17/22 17:37",0,"Anonymized",100,203,1,"10/17/22 17:37","R_Ol03ekhEXmwWwMN",NA,NA,NA,NA,"Anonymized","Anonymized","anonymous","EN",1,NA,NA,NA,8,8,"Nurse",0,10,"5daf9e6815dc35001498cd77","robot",1,NA,NA,2,1,NA,NA
"10/17/22 17:36","10/17/22 17:37",0,"Anonymized",100,33,1,"10/17/22 17:37","R_1MKGIizsuk4ei5Y",NA,NA,NA,NA,"Anonymized","Anonymized","anonymous","EN",NA,NA,1,NA,6,6,"Nurse",0,NA,"62ad5a6ad26d2fcf250d3839","person",NA,1,NA,NA,NA,1,NA
"10/17/22 17:35","10/17/22 17:37",0,"Anonymized",100,98,1,"10/17/22 17:37","R_1pSYL1bto1ilvHL",NA,NA,NA,NA,"Anonymized","Anonymized","anonymous","EN",1,NA,NA,NA,3,2,"Caretaking",0,7,"5d27851db6eb920018a5fb27","robot",1,NA,NA,2,1,NA,NA
"10/17/22 17:35","10/17/22 17:37",0,"Anonymized",100,102,1,"10/17/22 17:37","R_20MafwOO4f328tj",NA,NA,NA,NA,"Anonymized","Anonymized","anonymous","EN",NA,NA,NA,NA,6,4,"Nursing care",0,8,"5eeacbcbb570dc1ab706417a","robot",1,NA,NA,2,1,NA,NA
"10/17/22 17:34","10/17/22 17:37",0,"Anonymized",100,177,1,"10/17/22 17:37","R_2PsPuNMT7hfmGJM",NA,NA,NA,NA,"Anonymized","Anonymized","anonymous","EN",1,NA,NA,NA,10,2,"Nurse",0,10,"630bca4e704320e08ad9deba","robot",1,NA,NA,2,1,NA,NA
"10/17/22 17:37","10/17/22 17:37",0,"Anonymized",100,46,1,"10/17/22 17:37","R_3NCyiqAkzXMIBgu",NA,NA,NA,NA,"Anonymized","Anonymized","anonymous","EN",NA,NA,NA,1,9,8,"Fixed machines like MRIs",0,NA,"5f985161f2aa230f6d4eb858","person",NA,1,NA,NA,NA,NA,1
"10/17/22 17:36","10/17/22 17:38",0,"Anonymized",100,72,1,"10/17/22 17:38","R_tYw5UchrrvyAFPz",NA,NA,NA,NA,"Anonymized","Anonymized","anonymous","EN",1,NA,NA,NA,4,3,"The same functions as a nurse",0,6,"5f38e87099a44d40b79e5009","robot",1,NA,NA,2,1,NA,NA
"10/17/22 17:37","10/17/22 17:38",0,"Anonymized",100,45,1,"10/17/22 17:38","R_6Ve5A8bgMfMAaXf",NA,NA,NA,NA,"Anonymized","Anonymized","anonymous","EN",1,NA,NA,NA,1,1,"Nurse",0,2,"5e9a2f95fe11450cc4a6b2be","robot",1,NA,NA,2,1,NA,NA
"10/17/22 17:35","10/17/22 17:38",0,"Anonymized",100,166,1,"10/17/22 17:38","R_2TWZrWC9PAYjk87",NA,NA,NA,NA,"Anonymized","Anonymized","anonymous","EN",NA,NA,NA,NA,3,3,"nurse",0,10,"633066bca7b62da39547e84e","robot",1,NA,NA,2,1,NA,NA
"10/17/22 17:37","10/17/22 17:38",0,"Anonymized",100,21,1,"10/17/22 17:38","R_2168wYrZS1RghEU",NA,NA,NA,NA,"Anonymized","Anonymized","anonymous","EN",NA,NA,NA,1,10,8,"She performed xrays",0,NA,"55a75835fdf99b26395fae40","person",NA,1,NA,NA,NA,NA,1
"10/17/22 17:35","10/17/22 17:38",0,"Anonymized",100,180,1,"10/17/22 17:38","R_Y5elc42i7ZqCXgB",NA,NA,NA,NA,"Anonymized","Anonymized","anonymous","EN",NA,NA,NA,NA,0,0,"medical",0,0,"5ca60cd95a6f9a0015b2d034","robot",1,NA,2,NA,1,NA,NA
"10/17/22 17:37","10/17/22 17:38",0,"Anonymized",100,28,1,"10/17/22 17:38","R_3fZWTbx0iojybW4",NA,NA,NA,NA,"Anonymized","Anonymized","anonymous","EN",NA,NA,NA,1,5,5,"fixed xray/ct machines",0,NA,"5e0840192b12bd16b02895cd","person",NA,1,NA,NA,NA,NA,1
"10/17/22 17:36","10/17/22 17:38",0,"Anonymized",100,92,1,"10/17/22 17:38","R_1E4k5ApUubqjxyd",NA,NA,NA,NA,"Anonymized","Anonymized","anonymous","EN",NA,1,NA,NA,0,0,"repairs machines",0,5,"6026d1eca0c0d1400dcfbbd6","robot",1,NA,2,NA,1,NA,NA
"10/17/22 17:37","10/17/22 17:38",0,"Anonymized",100,92,1,"10/17/22 17:38","R_8oBng7KARKpeAX7",NA,NA,NA,NA,"Anonymized","Anonymized","anonymous","EN",NA,1,NA,NA,7,4,"Fixing medical machines",0,6,"5727e394c68b5a000e397d8c","robot",1,NA,2,NA,1,NA,NA
"10/17/22 17:38","10/17/22 17:38",0,"Anonymized",100,22,1,"10/17/22 17:38","R_0lEEAa12uZLG8g1",NA,NA,NA,NA,"Anonymized","Anonymized","anonymous","EN",NA,NA,1,NA,7,7,"nurse",0,NA,"56cb176d64c068000c4d7c54","person",NA,1,NA,NA,NA,1,NA
"10/17/22 17:36","10/17/22 17:38",0,"Anonymized",100,153,1,"10/17/22 17:38","R_2bBJUu9B3cu1GpP",NA,NA,NA,NA,"Anonymized","Anonymized","anonymous","EN",NA,1,NA,NA,7,7,"Repairing complex machines",0,9,"6320fb375d2abadf259b7889","robot",1,NA,2,NA,1,NA,NA
"10/17/22 17:36","10/17/22 17:39",0,"Anonymized",100,151,1,"10/17/22 17:39","R_3n7ZrBAExRLhymO",NA,NA,NA,NA,"Anonymized","Anonymized","anonymous","EN",NA,NA,NA,NA,7,7,"Maintenance on medical machinery",0,9,"6312d29c65befaa9c41a3a94","robot",1,NA,2,NA,1,NA,NA
"10/17/22 17:38","10/17/22 17:39",0,"Anonymized",100,27,1,"10/17/22 17:39","R_1qV57jEDuJSwGB3",NA,NA,NA,NA,"Anonymized","Anonymized","anonymous","EN",NA,NA,NA,NA,10,10,"nurse",0,NA,"5d92832f82e59d001a0e7f1b","person",NA,1,NA,NA,NA,1,NA
"10/17/22 17:36","10/17/22 17:39",0,"Anonymized",100,187,1,"10/17/22 17:39","R_2y2Rd7hf89xP2wb",NA,NA,NA,NA,"Anonymized","Anonymized","anonymous","EN",NA,NA,NA,NA,3,3,"Maintenance of medical equipment ",0,7,"61005133f83578f7fdcb2a59","robot",1,NA,2,NA,1,NA,NA
"10/17/22 17:38","10/17/22 17:39",0,"Anonymized",100,38,1,"10/17/22 17:39","R_3safBViJNk7AwPw",NA,NA,NA,NA,"Anonymized","Anonymized","anonymous","EN",NA,NA,NA,NA,8,9,"fix hospital x ray machines",0,NA,"5c3764ce3acfeb000154ac66","person",NA,1,NA,NA,NA,NA,1
"10/17/22 17:37","10/17/22 17:39",0,"Anonymized",100,110,1,"10/17/22 17:39","R_3jZNTQmwwS6GSli",NA,NA,NA,NA,"Anonymized","Anonymized","anonymous","EN",NA,1,NA,NA,7,7,"Work in hospitals and maintain the medical equipment",0,10,"63336dff6d3a7057baf48933","robot",1,NA,2,NA,1,NA,NA
"10/17/22 17:38","10/17/22 17:39",0,"Anonymized",100,59,1,"10/17/22 17:39","R_22Vxq9tOdXf7n2G",NA,NA,NA,NA,"Anonymized","Anonymized","anonymous","EN",NA,NA,NA,1,10,10,"maintain and fix xray and mri machines",0,NA,"6276044d01f3dab873d5b0a5","person",NA,1,NA,NA,NA,NA,1
"10/17/22 17:38","10/17/22 17:39",0,"Anonymized",100,77,1,"10/17/22 17:39","R_1ohZUnDQJ8ud1CK",NA,NA,NA,NA,"Anonymized","Anonymized","anonymous","EN",1,NA,NA,NA,0,0,"Nurse",0,7,"5b60ddcc6b25590001782ce4","robot",1,NA,NA,2,1,NA,NA
"10/17/22 17:38","10/17/22 17:39",0,"Anonymized",100,49,1,"10/17/22 17:39","R_2dAdNrtddoKixRM",NA,NA,NA,NA,"Anonymized","Anonymized","anonymous","EN",NA,NA,1,NA,7,7,"Nurse",0,NA,"6316270236b53462f94c6f0c","person",NA,1,NA,NA,NA,1,NA
"10/17/22 17:37","10/17/22 17:39",0,"Anonymized",100,136,1,"10/17/22 17:39","R_YcubNlqBmTB0TKh",NA,NA,NA,NA,"Anonymized","Anonymized","anonymous","EN",NA,1,NA,NA,1,3,"worked on machines",0,9,"60fe2fed581d95673bd181af","robot",1,NA,2,NA,1,NA,NA
"10/17/22 17:33","10/17/22 17:39",0,"Anonymized",100,363,1,"10/17/22 17:39","R_1jOnftyzbHgVIDT",NA,NA,NA,NA,"Anonymized","Anonymized","anonymous","EN",1,NA,NA,NA,0,0,"Nirse work at hospitals. ",0,6,"5f627ea43a49581b4438a944","robot",1,NA,NA,2,1,NA,NA
"10/17/22 17:39","10/17/22 17:39",0,"Anonymized",100,58,1,"10/17/22 17:39","R_7PyQtfYkGQycBpv",NA,NA,NA,NA,"Anonymized","Anonymized","anonymous","EN",NA,NA,NA,1,8,5,"maintains xray equipment and other medical equipment",0,NA,"6234a0f181021085727a847e","person",NA,1,NA,NA,NA,NA,1
"10/17/22 17:38","10/17/22 17:40",0,"Anonymized",100,98,1,"10/17/22 17:40","R_28Y70h59JvWfIQp",NA,NA,NA,NA,"Anonymized","Anonymized","anonymous","EN",1,NA,NA,NA,4,4,"nursing",0,8,"5e648efca8c76520c918bb31","robot",1,NA,NA,2,1,NA,NA
"10/17/22 17:37","10/17/22 17:40",0,"Anonymized",100,180,1,"10/17/22 17:40","R_1ltSbJN6WtRrP0I",NA,NA,NA,NA,"Anonymized","Anonymized","anonymous","EN",NA,NA,NA,1,9,9,"she fixes machines such as xrays and mris",0,NA,"55ce148b34e9060012e56279","person",NA,1,NA,NA,NA,NA,1
"10/17/22 17:39","10/17/22 17:40",0,"Anonymized",100,59,1,"10/17/22 17:40","R_30w4iI3BB6D9PWu",NA,NA,NA,NA,"Anonymized","Anonymized","anonymous","EN",NA,NA,NA,1,9,8,"Maintain imaging machines (XR and MRI)",0,NA,"5eee3a583a975d29fd3e6f38","person",NA,1,NA,NA,NA,NA,1
"10/17/22 17:38","10/17/22 17:40",0,"Anonymized",100,123,1,"10/17/22 17:40","R_2X50halsAZPHo42",NA,NA,NA,NA,"Anonymized","Anonymized","anonymous","EN",NA,NA,NA,NA,3,2,"nurse",0,2,"63316daa57747115376760da","robot",1,NA,NA,2,1,NA,NA
"10/17/22 17:39","10/17/22 17:40",0,"Anonymized",100,68,1,"10/17/22 17:40","R_10JLuM0Ce1dUdba",NA,NA,NA,NA,"Anonymized","Anonymized","anonymous","EN",NA,NA,1,NA,10,10,"She supports emotional and nurturing needs to people in the hospital.",0,NA,"5b40ff8b3d066d0001609b63","person",NA,1,NA,NA,NA,1,NA
"10/17/22 17:40","10/17/22 17:40",0,"Anonymized",100,25,1,"10/17/22 17:40","R_22o9bDevZtIG90N",NA,NA,NA,NA,"Anonymized","Anonymized","anonymous","EN",NA,NA,1,NA,5,6,"She is a nurse",0,NA,"60fcc8ce381d5a4a9269d737","person",NA,1,NA,NA,NA,1,NA
"10/17/22 17:38","10/17/22 17:40",0,"Anonymized",100,137,1,"10/17/22 17:40","R_263zdWgnjZBEMyw",NA,NA,NA,NA,"Anonymized","Anonymized","anonymous","EN",1,NA,NA,NA,8,8,"nurse",0,10,"580145ebf35f130001c36157","robot",1,NA,NA,2,1,NA,NA
"10/17/22 17:40","10/17/22 17:40",0,"Anonymized",100,38,1,"10/17/22 17:40","R_Z201MuP1mktQR8d",NA,NA,NA,NA,"Anonymized","Anonymized","anonymous","EN",NA,NA,NA,1,10,8,"Worked on medical equipment like X-Ray machines.",0,NA,"5f02928eb864764323d1f42a","person",NA,1,NA,NA,NA,NA,1
"10/17/22 17:39","10/17/22 17:40",0,"Anonymized",100,53,1,"10/17/22 17:40","R_0qt8HYvdCEZaabL",NA,NA,NA,NA,"Anonymized","Anonymized","anonymous","EN",NA,NA,1,NA,8,8,"nurse",0,NA,"5a16f199fe645f0001ea039c","person",NA,1,NA,NA,NA,1,NA
"10/17/22 17:40","10/17/22 17:40",0,"Anonymized",100,46,1,"10/17/22 17:40","R_OAMV8qneeq5Zpa9",NA,NA,NA,NA,"Anonymized","Anonymized","anonymous","EN",NA,NA,NA,1,10,10,"They performed x-rays and MRIs.",0,NA,"5de579912238364fcdf1a97d","person",NA,1,NA,NA,NA,NA,1
"10/17/22 17:39","10/17/22 17:40",0,"Anonymized",100,81,1,"10/17/22 17:40","R_2rUEnPWBIm8NxsY",NA,NA,NA,NA,"Anonymized","Anonymized","anonymous","EN",NA,NA,NA,NA,8,8,"xrays",0,NA,"5e53fa12e6ef3b3fd2e0f96c","person",NA,1,NA,NA,NA,NA,1
"10/17/22 17:38","10/17/22 17:41",0,"Anonymized",100,139,1,"10/17/22 17:41","R_2xKlKQ1WEDNGK56",NA,NA,NA,NA,"Anonymized","Anonymized","anonymous","EN",NA,1,NA,NA,8,8,"Complex procedures such as administering MRIs",0,6,"597ceef69d51240001f1f3eb","robot",1,NA,2,NA,1,NA,NA
"10/17/22 17:38","10/17/22 17:41",0,"Anonymized",100,136,1,"10/17/22 17:41","R_1mf1y5Sy4eHwG4r",NA,NA,NA,NA,"Anonymized","Anonymized","anonymous","EN",NA,1,NA,NA,9,10,"medical machine/cabinet cleaning",0,10,"5a4a94fef7b7bc00014e1462","robot",1,NA,2,NA,1,NA,NA
"10/17/22 17:40","10/17/22 17:41",0,"Anonymized",100,49,1,"10/17/22 17:41","R_3hnmvupBXg1xAtU",NA,NA,NA,NA,"Anonymized","Anonymized","anonymous","EN",NA,NA,NA,NA,8,6,"used machines like the x-rays and MRI's",0,NA,"628e216bba11289b021aa0bd","person",NA,1,NA,NA,NA,NA,1
"10/17/22 17:40","10/17/22 17:41",0,"Anonymized",100,37,1,"10/17/22 17:41","R_3G0LRWwBFR7w20b",NA,NA,NA,NA,"Anonymized","Anonymized","anonymous","EN",NA,NA,NA,NA,10,10,"Nurse",0,NA,"5dd396e15a40f2398c38e0e7","person",NA,1,NA,NA,NA,1,NA
"10/17/22 17:38","10/17/22 17:41",0,"Anonymized",100,148,1,"10/17/22 17:41","R_2aIWvFv3dlyeeSI",NA,NA,NA,NA,"Anonymized","Anonymized","anonymous","EN",NA,1,NA,NA,3,3,"fixing x-ray machines",0,3,"5dd343f19595a13585492c99","robot",1,NA,2,NA,1,NA,NA
"10/17/22 17:40","10/17/22 17:41",0,"Anonymized",100,30,1,"10/17/22 17:41","R_wZ4476KY9YnBBol",NA,NA,NA,NA,"Anonymized","Anonymized","anonymous","EN",NA,NA,NA,1,10,10,"Fixing hospital maxines",0,NA,"5f5c4b9c062e0f43a15ed050","person",NA,1,NA,NA,NA,NA,1
"10/17/22 17:40","10/17/22 17:41",0,"Anonymized",100,51,1,"10/17/22 17:41","R_294Em52B9e7igjq",NA,NA,NA,NA,"Anonymized","Anonymized","anonymous","EN",NA,1,NA,NA,6,6,"repairing machines like MRIs",0,7,"5e520fe5fe2087237b1b8cd1","robot",1,NA,2,NA,1,NA,NA
"10/17/22 17:41","10/17/22 17:41",0,"Anonymized",100,30,1,"10/17/22 17:41","R_1rcPnKxFKPhQPzQ",NA,NA,NA,NA,"Anonymized","Anonymized","anonymous","EN",NA,NA,NA,NA,7,7,"performing xrays and mris",0,NA,"593b8bd9332be10001f4d786","person",NA,1,NA,NA,NA,NA,1
"10/17/22 17:39","10/17/22 17:41",0,"Anonymized",100,129,1,"10/17/22 17:41","R_3nJLmAU9FZiPnFb",NA,NA,NA,NA,"Anonymized","Anonymized","anonymous","EN",1,NA,NA,NA,6,4,"Nurse",0,8,"62eaf0f49c1eca5518e58177","robot",1,NA,NA,2,1,NA,NA
"10/17/22 17:40","10/17/22 17:42",0,"Anonymized",100,124,1,"10/17/22 17:42","R_3k7m63hgUz4BLEZ",NA,NA,NA,NA,"Anonymized","Anonymized","anonymous","EN",NA,1,NA,NA,9,8,"It fixes equipment like x-ray and MRI machines",0,6,"5fec956243c578e38ad84250","robot",1,NA,2,NA,1,NA,NA
"10/17/22 17:41","10/17/22 17:42",0,"Anonymized",100,35,1,"10/17/22 17:42","R_pSH15nQCaCpvdoB",NA,NA,NA,NA,"Anonymized","Anonymized","anonymous","EN",NA,NA,NA,1,10,10,"employee",0,NA,"5dc97276b98b12697204526d","person",NA,1,NA,NA,NA,NA,1
"10/17/22 17:41","10/17/22 17:42",0,"Anonymized",100,46,1,"10/17/22 17:42","R_RaY7mBWcCov4tEd",NA,NA,NA,NA,"Anonymized","Anonymized","anonymous","EN",NA,NA,NA,NA,10,10,"Worked on X-ray and MRI machines at a hospital.",0,NA,"5df57ac22b12bd3e33a4efba","person",NA,1,NA,NA,NA,NA,1
"10/17/22 17:40","10/17/22 17:42",0,"Anonymized",100,155,1,"10/17/22 17:42","R_1jGTvFNUKlPQJZ3",NA,NA,NA,NA,"Anonymized","Anonymized","anonymous","EN",NA,NA,NA,NA,7,8,"Fix xray equipment ",0,4,"5f81ead00afba52e71dcf414","robot",1,NA,2,NA,1,NA,NA
"10/17/22 17:40","10/17/22 17:42",0,"Anonymized",100,126,1,"10/17/22 17:42","R_vMFvXlcEeVQJBQt",NA,NA,NA,NA,"Anonymized","Anonymized","anonymous","EN",NA,NA,NA,NA,10,5,"Taking x-rays",0,NA,"5b21259ce5cd900001125a0b","person",NA,1,NA,NA,NA,NA,1
"10/17/22 17:41","10/17/22 17:42",0,"Anonymized",100,105,1,"10/17/22 17:42","R_AgqGZ2kRgyitWh3",NA,NA,NA,NA,"Anonymized","Anonymized","anonymous","EN",1,NA,NA,NA,0,0,"patient care and emotional comfort",0,0,"610e6880f784d836a872a9a5","robot",1,NA,NA,2,1,NA,NA
"10/17/22 17:41","10/17/22 17:42",0,"Anonymized",100,57,1,"10/17/22 17:42","R_23ZYiBKPAGwL6X5",NA,NA,NA,NA,"Anonymized","Anonymized","anonymous","EN",NA,NA,NA,1,7,8,"worked on medical equipment",0,NA,"5fe7da95957b611b25e210f5","person",NA,1,NA,NA,NA,NA,1
"10/17/22 17:42","10/17/22 17:42",0,"Anonymized",100,31,1,"10/17/22 17:42","R_1nSzm1ShtGc8xl9",NA,NA,NA,NA,"Anonymized","Anonymized","anonymous","EN",NA,NA,1,NA,10,10,"nurse",0,NA,"5b202c787f6f86000196097d","person",NA,1,NA,NA,NA,1,NA
"10/17/22 17:42","10/17/22 17:42",0,"Anonymized",100,31,1,"10/17/22 17:42","R_1KiKxSvtu8ZXpwY",NA,NA,NA,NA,"Anonymized","Anonymized","anonymous","EN",NA,NA,NA,NA,8,8,"Nurse",0,NA,"5953d01e4d560700016462da","person",NA,1,NA,NA,NA,1,NA
"10/17/22 17:41","10/17/22 17:43",0,"Anonymized",100,95,1,"10/17/22 17:43","R_2s4OXOEegbl4pCh",NA,NA,NA,NA,"Anonymized","Anonymized","anonymous","EN",NA,1,NA,NA,0,0,"fixed medical machines",0,5,"5d215a1bbf7f840019701939","robot",1,NA,2,NA,1,NA,NA
"10/17/22 17:41","10/17/22 17:43",0,"Anonymized",100,72,1,"10/17/22 17:43","R_2w5XQE9VhLKkdYG",NA,NA,NA,NA,"Anonymized","Anonymized","anonymous","EN",NA,NA,NA,NA,6,5,"A woman is employed to fix MRI and X-Rays machines.",0,NA,"5d0917c565eb3400019cc1f9","person",NA,1,NA,NA,NA,NA,1
"10/17/22 17:38","10/17/22 17:43",0,"Anonymized",100,297,1,"10/17/22 17:43","R_2dyGD67MeaMjWca",NA,NA,NA,NA,"Anonymized","Anonymized","anonymous","EN",1,NA,NA,NA,2,2,"nurse",0,8,"616b40316dfa39f72b7c5063","robot",1,NA,NA,2,1,NA,NA
"10/17/22 17:40","10/17/22 17:43",0,"Anonymized",100,142,1,"10/17/22 17:43","R_1q8mQEc6hRbbdui",NA,NA,NA,NA,"Anonymized","Anonymized","anonymous","EN",NA,NA,NA,NA,5,7,"fixing medical machines",0,9,"628409abe8772d1f138b7f14","robot",1,NA,2,NA,1,NA,NA
"10/17/22 17:39","10/17/22 17:43",0,"Anonymized",100,242,1,"10/17/22 17:43","R_2UgfvOZwPHPUn37",NA,NA,NA,NA,"Anonymized","Anonymized","anonymous","EN",NA,1,NA,NA,1,1,"Machine repair in hospitals",0,8,"5b954f10754b700001f06bf0","robot",1,NA,2,NA,1,NA,NA
"10/17/22 17:42","10/17/22 17:43",0,"Anonymized",100,31,1,"10/17/22 17:43","R_2ri7FPKQAXmm220",NA,NA,NA,NA,"Anonymized","Anonymized","anonymous","EN",NA,NA,NA,1,10,8,"MRI's ",0,NA,"5c3471a13ce2c80001115cf0","person",NA,1,NA,NA,NA,NA,1
"10/17/22 17:43","10/17/22 17:43",0,"Anonymized",100,26,1,"10/17/22 17:43","R_BVv4LtERFtm1VSh",NA,NA,NA,NA,"Anonymized","Anonymized","anonymous","EN",NA,NA,1,NA,10,10,"Nurse",0,NA,"5a4fab63eedc32000141ec5c","person",NA,1,NA,NA,NA,1,NA
"10/17/22 17:42","10/17/22 17:43",0,"Anonymized",100,79,1,"10/17/22 17:43","R_BRiSlNewWvslHtn",NA,NA,NA,NA,"Anonymized","Anonymized","anonymous","EN",NA,1,NA,NA,3,1,"Fixing machines",0,4,"5c57c06ed05b82000139682e","robot",1,NA,2,NA,1,NA,NA
"10/17/22 17:42","10/17/22 17:43",0,"Anonymized",100,69,1,"10/17/22 17:43","R_VVir5lJl8N7NkAN",NA,NA,NA,NA,"Anonymized","Anonymized","anonymous","EN",NA,NA,NA,1,8,9,"she repair MRI and X ray machines.",0,NA,"5d4732b70829350016ed314d","person",NA,1,NA,NA,NA,NA,1
"10/17/22 17:41","10/17/22 17:44",0,"Anonymized",100,145,1,"10/17/22 17:44","R_247MLSEUfVGxrba",NA,NA,NA,NA,"Anonymized","Anonymized","anonymous","EN",NA,NA,NA,1,7,8,"Maintain and fix medical machines",0,NA,"612e1df9913c996adb2a42a6","person",NA,1,NA,NA,NA,NA,1
"10/17/22 17:40","10/17/22 17:44",0,"Anonymized",100,227,1,"10/17/22 17:44","R_3PWQptqXg6bdY7y",NA,NA,NA,NA,"Anonymized","Anonymized","anonymous","EN",1,NA,NA,NA,7,4,"Nurse ",0,3,"612810b001fe6cd5e7786c39","robot",1,NA,NA,2,1,NA,NA
"10/17/22 17:42","10/17/22 17:44",0,"Anonymized",100,137,1,"10/17/22 17:44","R_3QLSAF4xE2uUUOS",NA,NA,NA,NA,"Anonymized","Anonymized","anonymous","EN",NA,1,NA,NA,8,8,"repairing equipment",0,6,"55b53384fdf99b2b69c82509","robot",1,NA,2,NA,1,NA,NA
"10/17/22 17:44","10/17/22 17:44",0,"Anonymized",100,26,1,"10/17/22 17:44","R_p0Ge7Ngb8XZePlv",NA,NA,NA,NA,"Anonymized","Anonymized","anonymous","EN",NA,NA,NA,NA,10,10,"x ray",0,NA,"5fbe98e0e2bc9703bfd640d7","person",NA,1,NA,NA,NA,NA,1
"10/17/22 17:43","10/17/22 17:44",0,"Anonymized",100,36,1,"10/17/22 17:44","R_2uPbGQe0MjVZGyZ",NA,NA,NA,NA,"Anonymized","Anonymized","anonymous","EN",NA,NA,NA,NA,7,7,"Nurse",0,NA,"617531b45568af8db14c3a1f","person",NA,1,NA,NA,NA,1,NA
"10/17/22 17:42","10/17/22 17:44",0,"Anonymized",100,128,1,"10/17/22 17:44","R_2zwiAG1nRXKfbX2",NA,NA,NA,NA,"Anonymized","Anonymized","anonymous","EN",NA,NA,NA,NA,7,10,"operating and repairing MRI machines",0,3,"56ad40ce5ea7aa000cbe1947","robot",1,NA,2,NA,1,NA,NA
"10/17/22 17:42","10/17/22 17:44",0,"Anonymized",100,155,1,"10/17/22 17:44","R_1OCXTP88wmBM9gj",NA,NA,NA,NA,"Anonymized","Anonymized","anonymous","EN",NA,1,NA,NA,5,3,"X-ray and MRI setup/repair ",0,10,"5ac43d51a3ba7a0001b498d0","robot",1,NA,2,NA,1,NA,NA
"10/17/22 17:44","10/17/22 17:44",0,"Anonymized",100,35,1,"10/17/22 17:44","R_3Jfyce7YIZbcviY",NA,NA,NA,NA,"Anonymized","Anonymized","anonymous","EN",NA,NA,NA,1,8,7,"Hospital employee",0,NA,"633771aad3cc89b3f422cc59","person",NA,1,NA,NA,NA,NA,1
"10/17/22 17:43","10/17/22 17:44",0,"Anonymized",100,60,1,"10/17/22 17:44","R_1jfFCJEZLtK1ayO",NA,NA,NA,NA,"Anonymized","Anonymized","anonymous","EN",NA,NA,NA,1,10,6,"reading x-rays",0,NA,"5e10d288a2c6967a2c655aad","person",NA,1,NA,NA,NA,NA,1
"10/17/22 17:42","10/17/22 17:44",0,"Anonymized",100,151,1,"10/17/22 17:44","R_1jm4jdmAPFmfhwU",NA,NA,NA,NA,"Anonymized","Anonymized","anonymous","EN",NA,1,NA,NA,4,3,"Maintenance",0,8,"60b6b4d12a9854d3385bc768","robot",1,NA,2,NA,1,NA,NA
"10/17/22 17:44","10/17/22 17:45",0,"Anonymized",100,19,1,"10/17/22 17:45","R_7QkUWnkCWCQrUHf",NA,NA,NA,NA,"Anonymized","Anonymized","anonymous","EN",NA,NA,NA,NA,10,9,"She was a xray techinican",0,NA,"5d1bec8c25b3fc0001a754f9","person",NA,1,NA,NA,NA,NA,1
"10/17/22 17:44","10/17/22 17:45",0,"Anonymized",100,18,1,"10/17/22 17:45","R_2Yh6HujCagJjiYa",NA,NA,NA,NA,"Anonymized","Anonymized","anonymous","EN",NA,NA,1,NA,9,6,"Nurse",0,NA,"5f73f37ed13ce303cc14ae35","person",NA,1,NA,NA,NA,1,NA
"10/17/22 17:44","10/17/22 17:45",0,"Anonymized",100,60,1,"10/17/22 17:45","R_1OkPl0oKLJB9iTa",NA,NA,NA,NA,"Anonymized","Anonymized","anonymous","EN",NA,NA,NA,NA,5,5,"They fixed machines like the MRI and X-ray machines",0,NA,"5f0a5a99dbbf721316f118e2","person",NA,1,NA,NA,NA,NA,1
"10/17/22 17:44","10/17/22 17:45",0,"Anonymized",100,70,1,"10/17/22 17:45","R_XgDtBktg7tbCdMd",NA,NA,NA,NA,"Anonymized","Anonymized","anonymous","EN",NA,NA,NA,NA,8,8,"Fix MRI machines",0,NA,"56624ef673ac8700058098db","person",NA,1,NA,NA,NA,NA,1
"10/17/22 17:43","10/17/22 17:45",0,"Anonymized",100,102,1,"10/17/22 17:45","R_Au2codlst5wh4KR",NA,NA,NA,NA,"Anonymized","Anonymized","anonymous","EN",NA,1,NA,NA,3,2,"fixing mris and xray machines",0,8,"611316bf2877819a0ec3e0a2","robot",1,NA,2,NA,1,NA,NA
"10/17/22 17:45","10/17/22 17:45",0,"Anonymized",100,29,1,"10/17/22 17:45","R_0TaQuRLb5kZYQal",NA,NA,NA,NA,"Anonymized","Anonymized","anonymous","EN",NA,NA,1,NA,8,7,"nurse",0,NA,"60df2a387184bf25da3ae6a2","person",NA,1,NA,NA,NA,1,NA
"10/17/22 17:43","10/17/22 17:45",0,"Anonymized",100,152,1,"10/17/22 17:45","R_SHlnBgaLfxl5o3v",NA,NA,NA,NA,"Anonymized","Anonymized","anonymous","EN",NA,NA,NA,NA,0,0,"Nurse",0,8,"5d7c4978e34654001a80f1ba","robot",1,NA,NA,2,1,NA,NA
"10/17/22 17:43","10/17/22 17:45",0,"Anonymized",100,136,1,"10/17/22 17:45","R_CeveAsnG1kh7R8B",NA,NA,NA,NA,"Anonymized","Anonymized","anonymous","EN",1,NA,NA,NA,2,2,"Nurse",0,3,"60e5f4ebca9d0e7a4305231f","robot",1,NA,NA,2,1,NA,NA
"10/17/22 17:45","10/17/22 17:46",0,"Anonymized",100,40,1,"10/17/22 17:46","R_2xLXLhpeCiKlKPx",NA,NA,NA,NA,"Anonymized","Anonymized","anonymous","EN",NA,NA,NA,1,10,10,"fix medical machines",0,NA,"6310c25c1ad33481b43851d3","person",NA,1,NA,NA,NA,NA,1
"10/17/22 17:41","10/17/22 17:46",0,"Anonymized",100,262,1,"10/17/22 17:46","R_3iD9iC4jRlc2ErJ",NA,NA,NA,NA,"Anonymized","Anonymized","anonymous","EN",NA,NA,NA,NA,0,0,"nurse",0,6,"614a3de3868f44760e9b0f80","robot",1,NA,NA,2,1,NA,NA
"10/17/22 17:43","10/17/22 17:46",0,"Anonymized",100,157,1,"10/17/22 17:46","R_QaLom23S98Nchyh",NA,NA,NA,NA,"Anonymized","Anonymized","anonymous","EN",NA,NA,NA,NA,6,6,"Nurse",0,9,"59bce3080ac77f0001f056de","robot",1,NA,NA,2,1,NA,NA
"10/17/22 17:40","10/17/22 17:46",0,"Anonymized",100,376,1,"10/17/22 17:46","R_2eWQzNi8BxBFx4n",NA,NA,NA,NA,"Anonymized","Anonymized","anonymous","EN",NA,NA,NA,NA,6,7,"They provided physical and emotional care for patients",0,9,"55c5d75efdf99b255411b190","robot",1,NA,NA,2,1,NA,NA
"10/17/22 17:45","10/17/22 17:46",0,"Anonymized",100,68,1,"10/17/22 17:46","R_3DqlbNg2NuYSbYk",NA,NA,NA,NA,"Anonymized","Anonymized","anonymous","EN",NA,NA,NA,1,10,8,"working on machines like x rays and mri",0,NA,"546f8a9cfdf99b4a593414ea","person",NA,1,NA,NA,NA,NA,1
"10/17/22 17:46","10/17/22 17:46",0,"Anonymized",100,31,1,"10/17/22 17:46","R_22EKOe8Gui6mJry",NA,NA,NA,NA,"Anonymized","Anonymized","anonymous","EN",NA,NA,NA,NA,8,8,"fixed machines that did imaging",0,NA,"590f901cdcc7b30001eed302","person",NA,1,NA,NA,NA,NA,1
"10/17/22 17:44","10/17/22 17:46",0,"Anonymized",100,127,1,"10/17/22 17:46","R_24wlQJ4MOv8NmtE",NA,NA,NA,NA,"Anonymized","Anonymized","anonymous","EN",NA,NA,NA,1,7,10,"maintain and fix medical machines (X-rays & MRIs)",0,NA,"6113ffbf45e79bc2769db74c","person",NA,1,NA,NA,NA,NA,1
"10/17/22 17:46","10/17/22 17:46",0,"Anonymized",100,45,1,"10/17/22 17:46","R_3KZLCoj8Gqe3PE6",NA,NA,NA,NA,"Anonymized","Anonymized","anonymous","EN",NA,NA,1,NA,10,10,"Nurse",0,NA,"56f2a23eed0cf60006913151","person",NA,1,NA,NA,NA,1,NA
"10/17/22 17:46","10/17/22 17:46",0,"Anonymized",100,34,1,"10/17/22 17:46","R_1qgHUOQuFbjwKwa",NA,NA,NA,NA,"Anonymized","Anonymized","anonymous","EN",NA,NA,NA,1,6,6,"Works a t hospital - MRIs",0,NA,"61698b032d91d9ba8c15de76","person",NA,1,NA,NA,NA,NA,1
"10/17/22 17:44","10/17/22 17:46",0,"Anonymized",100,138,1,"10/17/22 17:46","R_PA6sSD7DQQsmEfL",NA,NA,NA,NA,"Anonymized","Anonymized","anonymous","EN",1,NA,NA,NA,6,5,"nurse",0,3,"62b5ea86c27a56a257dffc82","robot",1,NA,NA,2,1,NA,NA
"10/17/22 17:46","10/17/22 17:46",0,"Anonymized",100,43,1,"10/17/22 17:46","R_1r17nSEecUsE8s9",NA,NA,NA,NA,"Anonymized","Anonymized","anonymous","EN",NA,NA,1,NA,10,7,"nurse",0,NA,"5fe146b36a3657bd99f9c179","person",NA,1,NA,NA,NA,1,NA
"10/17/22 17:44","10/17/22 17:46",0,"Anonymized",100,161,1,"10/17/22 17:46","R_1Qchv2Z95yHFKCF",NA,NA,NA,NA,"Anonymized","Anonymized","anonymous","EN",1,NA,NA,NA,7,7,"Nurse to provided physical and emotional care",0,4,"631b67a3f82c28fb8ac2ac35","robot",1,NA,NA,2,1,NA,NA
"10/17/22 17:46","10/17/22 17:47",0,"Anonymized",100,46,1,"10/17/22 17:47","R_3KBeQgTIKJEiL72",NA,NA,NA,NA,"Anonymized","Anonymized","anonymous","EN",NA,NA,NA,1,8,8,"repairs machinery like mri",0,NA,"5d235fa4c9b2ee00190ed9af","person",NA,1,NA,NA,NA,NA,1
"10/17/22 17:44","10/17/22 17:47",0,"Anonymized",100,145,1,"10/17/22 17:47","R_24wshhII5PCru3p",NA,NA,NA,NA,"Anonymized","Anonymized","anonymous","EN",NA,1,NA,NA,7,5,"Fixing hospital machines",0,8,"5ef02a29cb94ad54375691e7","robot",1,NA,2,NA,1,NA,NA
"10/17/22 17:45","10/17/22 17:47",0,"Anonymized",100,133,1,"10/17/22 17:47","R_2ByyM0lDmXf96Cf",NA,NA,NA,NA,"Anonymized","Anonymized","anonymous","EN",NA,1,NA,NA,5,3,"repair medical machines",0,6,"5c51bcaeb7449200013a8517","robot",1,NA,2,NA,1,NA,NA
"10/17/22 17:46","10/17/22 17:47",0,"Anonymized",100,41,1,"10/17/22 17:47","R_2zIOIuWekNEPniq",NA,NA,NA,NA,"Anonymized","Anonymized","anonymous","EN",NA,NA,NA,NA,7,6,"Someone who maintains Xray machines",0,NA,"5e6d3fd97e1daa30855f6a5c","person",NA,1,NA,NA,NA,1,NA
"10/17/22 17:45","10/17/22 17:47",0,"Anonymized",100,119,1,"10/17/22 17:47","R_1oGAP8v7VSjLv5o",NA,NA,NA,NA,"Anonymized","Anonymized","anonymous","EN",1,NA,NA,NA,8,7,"The robot is a nurse.",0,10,"633e74ee41a6c1f7f26e7d43","robot",1,NA,NA,2,1,NA,NA
"10/17/22 17:45","10/17/22 17:47",0,"Anonymized",100,145,1,"10/17/22 17:47","R_R5mjAuxQQ9hBE4x",NA,NA,NA,NA,"Anonymized","Anonymized","anonymous","EN",1,NA,NA,NA,4,4,"act as nurses",0,4,"6068b4d3683e56db719c8f3c","robot",1,NA,NA,2,1,NA,NA
"10/17/22 17:47","10/17/22 17:48",0,"Anonymized",100,32,1,"10/17/22 17:48","R_1KcJgOTtI2E2Xp1",NA,NA,NA,NA,"Anonymized","Anonymized","anonymous","EN",NA,NA,NA,NA,5,5,"Xrays",0,NA,"60ff15d6b7ff58d17a89de6f","person",NA,1,NA,NA,NA,NA,1
"10/17/22 17:44","10/17/22 17:48",0,"Anonymized",100,216,1,"10/17/22 17:48","R_31BPbwemFqPUpdA",NA,NA,NA,NA,"Anonymized","Anonymized","anonymous","EN",1,NA,NA,NA,3,2,"being a nurse",0,6,"61152068e35be4dcaeb69cdb","robot",1,NA,NA,2,1,NA,NA
"10/17/22 17:44","10/17/22 17:48",0,"Anonymized",100,249,1,"10/17/22 17:48","R_1i40TzD9DEMYzF2",NA,NA,NA,NA,"Anonymized","Anonymized","anonymous","EN",NA,NA,NA,NA,6,2,"x-rays",0,7,"56c4d3b98bacd7000ccf91d7","robot",1,NA,2,NA,1,NA,NA
"10/17/22 17:46","10/17/22 17:48",0,"Anonymized",100,90,1,"10/17/22 17:48","R_3EtlGXNlqjOesiA",NA,NA,NA,NA,"Anonymized","Anonymized","anonymous","EN",1,NA,NA,NA,8,8,"Nurse ",0,7,"6103159a48c853995ad5039a","robot",1,NA,NA,2,1,NA,NA
"10/17/22 17:46","10/17/22 17:48",0,"Anonymized",100,144,1,"10/17/22 17:48","R_1q8xSTAO8uNX1KI",NA,NA,NA,NA,"Anonymized","Anonymized","anonymous","EN",NA,NA,NA,NA,0,0,"use and fix medical machines",0,7,"5ee58dc80d29732d11277f16","robot",1,NA,2,NA,1,NA,NA
"10/17/22 17:46","10/17/22 17:48",0,"Anonymized",100,137,1,"10/17/22 17:48","R_bIW0SpHuuEDNNdL",NA,NA,NA,NA,"Anonymized","Anonymized","anonymous","EN",1,NA,NA,NA,5,4,"Nurse",0,7,"62b9bb8ff321bf7b3427a075","robot",1,NA,NA,2,1,NA,NA
"10/17/22 17:45","10/17/22 17:49",0,"Anonymized",100,203,1,"10/17/22 17:49","R_2yqmihKY8Dh7Efu",NA,NA,NA,NA,"Anonymized","Anonymized","anonymous","EN",NA,1,NA,NA,7,7,"working on medical machines, talking to patients human like. ",0,10,"6344e676138c37d41771acd0","robot",1,NA,2,NA,1,NA,NA
"10/17/22 17:44","10/17/22 17:49",0,"Anonymized",100,287,1,"10/17/22 17:49","R_122MP71SdNfaJAA",NA,NA,NA,NA,"Anonymized","Anonymized","anonymous","EN",NA,NA,NA,NA,10,10,"fixing mri machines",0,10,"6335c2e456a9b4ca55a47642","robot",1,NA,2,NA,1,NA,NA
"10/17/22 17:48","10/17/22 17:49",0,"Anonymized",100,61,1,"10/17/22 17:49","R_1Ico0Q1cOqguKL7",NA,NA,NA,NA,"Anonymized","Anonymized","anonymous","EN",1,NA,NA,NA,5,4,"nursing",0,5,"62e47a1d1d882637fafbc183","robot",1,NA,NA,2,1,NA,NA
"10/17/22 17:31","10/17/22 17:49",0,"Anonymized",100,1129,1,"10/17/22 17:49","R_OBv5rom9ffRanUR",NA,NA,NA,NA,"Anonymized","Anonymized","anonymous","EN",1,NA,NA,NA,8,8,"Nurse",0,7,"5e6c0b0fede0271d08d1a3cd","robot",1,NA,NA,2,1,NA,NA
"10/17/22 17:46","10/17/22 17:49",0,"Anonymized",100,218,1,"10/17/22 17:49","R_3OiYg0xvRPtffEn",NA,NA,NA,NA,"Anonymized","Anonymized","anonymous","EN",NA,NA,NA,NA,2,1,"Maintenance of machines like MRI and X-ray machines ",0,9,"5de628761ffd6a59e79b663b","robot",1,NA,2,NA,1,NA,NA
"10/17/22 17:47","10/17/22 17:50",0,"Anonymized",100,161,1,"10/17/22 17:50","R_1jpMLhvXwzn8209",NA,NA,NA,NA,"Anonymized","Anonymized","anonymous","EN",1,NA,NA,NA,4,4,"nursing",0,6,"5b0029933c08a1000156662c","robot",1,NA,NA,2,1,NA,NA
"10/17/22 17:49","10/17/22 17:50",0,"Anonymized",100,30,1,"10/17/22 17:50","R_3COecwKcu5YfJ88",NA,NA,NA,NA,"Anonymized","Anonymized","anonymous","EN",NA,NA,NA,NA,10,9,"maintain and fix medical machines",0,NA,"5deb638bff7f7126d6fb5142","person",NA,1,NA,NA,NA,NA,1
"10/17/22 17:48","10/17/22 17:50",0,"Anonymized",100,142,1,"10/17/22 17:50","R_1F4ik0g2n3dBOZt",NA,NA,NA,NA,"Anonymized","Anonymized","anonymous","EN",NA,1,NA,NA,7,7,"Hospital services",0,7,"60d3736964ea8092eba95633","robot",1,NA,2,NA,1,NA,NA
"10/17/22 17:47","10/17/22 17:51",0,"Anonymized",100,209,1,"10/17/22 17:51","R_1NDD40ypyOdkLYZ",NA,NA,NA,NA,"Anonymized","Anonymized","anonymous","EN",NA,NA,NA,NA,8,5,"complex medical machines",0,0,"5fac997db63d252ba6a82a8f","robot",1,NA,2,NA,1,NA,NA
"10/17/22 17:46","10/17/22 17:52",0,"Anonymized",100,361,1,"10/17/22 17:52","R_3qOrp8rXoIBayf5",NA,NA,NA,NA,"Anonymized","Anonymized","anonymous","EN",1,NA,NA,NA,0,0,"nurse",0,9,"5de701b898e795693845abc0","robot",1,NA,NA,2,1,NA,NA
"10/17/22 17:52","10/17/22 17:53",0,"Anonymized",100,34,1,"10/17/22 17:53","R_Q4dXqhYqD4ooLbr",NA,NA,NA,NA,"Anonymized","Anonymized","anonymous","EN",NA,NA,NA,1,6,6,"Fixed MRI and X-ray machines",0,NA,"6123bbad652361792023f71a","person",NA,1,NA,NA,NA,NA,1
"10/17/22 17:51","10/17/22 17:54",0,"Anonymized",100,193,1,"10/17/22 17:54","R_3qkfcHNQxpU3u8T",NA,NA,NA,NA,"Anonymized","Anonymized","anonymous","EN",NA,1,NA,NA,2,2,"Medical",0,3,"6266c2af9e12be23dff07d28","robot",1,NA,2,NA,1,NA,NA
"10/17/22 17:56","10/17/22 17:56",0,"Anonymized",100,18,1,"10/17/22 17:56","R_1C7URCuvx4RhQRd",NA,NA,NA,NA,"Anonymized","Anonymized","anonymous","EN",NA,NA,NA,NA,7,8,"nurse",0,NA,"5d1ba5653788ac0019ced548","person",NA,1,NA,NA,NA,1,NA
"10/17/22 17:58","10/17/22 18:00",0,"Anonymized",100,119,1,"10/17/22 18:00","R_22JiVXK1CYXZW2f",NA,NA,NA,NA,"Anonymized","Anonymized","anonymous","EN",NA,NA,NA,NA,4,4,"nurse",0,4,"60bc38931b526e2f38268207","robot",1,NA,2,NA,1,NA,NA
